protein1,protein2,chain_pair_iptm_best,chain_pair_iptm_mean,chain_pair_iptm_best_corrected,chain_pair_iptm_mean_corrected,string_id1,string_id2,combined_score
p00854,p05626,0.75,0.7460000000000001,0.6894598690423036,0.6852288551817126,4932.Q0085,4932.YPL078C,998
p14126,p24000,0.61,0.606,0.5456425422855129,0.5414091062982066,4932.YOR063W,4932.YGR148C,936
p15873,p21951,0.62,0.626,0.43699888327174274,0.4426901668606254,4932.YBR088C,4932.YNL262W,676
p38285,p38987,0.6,0.612,0.5137330521406743,0.5254857143931114,4932.YBR158W,4932.YML064C,789
p05986,p06738,0.61,0.6,0.4884893902027205,0.47821969004801834,4932.YKL166C,4932.YPR160W,181
o13585,p01123,0.63,0.634,0.521821087643336,0.5255598465655184,4932.YPR089W,4932.YFL038C,159
p47104,q03956,0.66,0.656,0.5149006804257927,0.5106160130315102,4932.YJR033C,4932.YDR202C,992
p38009,p54113,0.77,0.772,0.6559195022040091,0.6576545165193854,4932.YMR120C,4932.YLR028C,972
p23255,q03786,0.69,0.7,0.5508419070088255,0.5605610093739961,4932.YCR042C,4932.YDR248C,
q03630,q03784,0.67,0.674,0.6228166092987413,0.626594070404917,4932.YML077W,4932.YDR246W,999
p31383,q00362,0.61,0.6079999999999999,0.4973570618811717,0.49509298834054827,4932.YAL016W,4932.YGL190C,999
p10664,q12213,0.63,0.638,0.5596645524602849,0.5674273233869316,4932.YBR031W,4932.YPL198W,888
p46964,q02795,0.68,0.6799999999999999,0.6285490946735504,0.6283238480049298,4932.YOR103C,4932.YMR149W,999
p46950,p47090,0.63,0.636,0.5243450031177475,0.530085363486043,4932.YGR197C,4932.YJR015W,
p15731,q05580,0.66,0.67,0.5742899946821903,0.5840430103194683,4932.YBR082C,4932.YDR266C,457
p04051,p32349,0.78,0.7780000000000001,0.6140954223666939,0.6117975538569265,4932.YOR116C,4932.YPR190C,999
p37296,p81450,0.7,0.7,0.6019762067116452,0.6017214091443672,4932.YMR054W,4932.YML081C-A,720
p08518,p53861,0.63,0.634,0.49067421203114137,0.4943932079924038,4932.YOR151C,4932.YNL230C,
p22135,p40491,0.68,0.676,0.6217807775785711,0.6175512363544419,4932.YJL180C,4932.YIL098C,563
p00924,p00925,0.8,0.804,0.7075344441514013,0.7112831733336654,4932.YGR254W,4932.YHR174W,964
p40492,q12508,0.78,0.78,0.6828503644826275,0.6825961215759864,4932.YIL097W,4932.YDR255C,998
p38331,p53144,0.77,0.77,0.7145774760347453,0.7143497093398813,4932.YBR242W,4932.YGL101W,
q03406,q12488,0.68,0.676,0.6195596607020508,0.6153287101601275,4932.YDR489W,4932.YDR013W,999
p38555,p39958,0.65,0.6279999999999999,0.5736495677858088,0.5514085221528576,4932.YER031C,4932.YER136W,973
p50623,p52488,0.61,0.61,0.5238124646247457,0.5235651772650882,4932.YDL064W,4932.YDR390C,997
p36107,q06346,0.74,0.74,0.6682200867431215,0.6679819411438259,4932.YKL004W,4932.YDR367W,849
p27810,p38130,0.7,0.6920000000000001,0.6134951142643901,0.6052476255431948,4932.YOR099W,4932.YBR205W,900
p06779,q03071,0.65,0.648,0.5745144405059235,0.5722739436421647,4932.YJR052W,4932.YPL046C,997
p25443,q3e7y3,0.67,0.674,0.6221289800306196,0.6259060048301004,4932.YGL123W,4932.YLR367W,979
p33775,p46971,0.67,0.664,0.532020200891038,0.5257400508938284,4932.YDL095W,4932.YJR143C,720
p03879,p0c5p3,0.62,0.6220000000000001,0.5441677151588762,0.5459269982948975,4932.Q0120,4932.YKL145W-A,
p49955,q04693,0.75,0.752,0.573749252066748,0.5754448188227884,4932.YMR288W,4932.YML049C,999
p50111,q00362,0.62,0.61,0.4899665251194437,0.47969141713341806,4932.YMR273C,4932.YGL190C,688
p0c0x0,p26783,0.69,0.69,0.6533492742777364,0.6531334184505848,4932.YLR264W,4932.YJR123W,998
p02407,p38011,0.65,0.6519999999999999,0.5943675025007126,0.5961396025758322,4932.YML024W,4932.YMR116C,998
p38115,q01329,0.64,0.638,0.5294725961338905,0.5272098649179768,4932.YBR149W,4932.YAL043C,
p07143,p22289,0.65,0.666,0.6031624705046265,0.618940151062717,4932.YOR065W,4932.YGR183C,999
p33775,p42934,0.69,0.6859999999999999,0.5521891667051068,0.5479091239181618,4932.YDL095W,4932.YGR199W,
q02204,q06090,0.61,0.6079999999999999,0.559874849356394,0.5576504438905416,4932.YKR006C,4932.YPR100W,800
p07256,p08067,0.61,0.614,0.5338220263669102,0.5375810901604147,4932.YBL045C,4932.YEL024W,999
p23595,p38903,0.64,0.636,0.5291400857476323,0.5248771435510138,4932.YDL188C,4932.YOR014W,997
p00128,p38069,0.72,0.722,0.6394183720467483,0.6411746416836472,4932.YDR529C,4932.YBR015C,
p50623,q12216,0.65,0.674,0.5568551853472832,0.580603483533984,4932.YDL064W,4932.YOR156C,679
p06781,p53046,0.77,0.766,0.6455992745136612,0.6413277405556548,4932.YNL090W,4932.YGR070W,248
p04051,p20436,0.9,0.9,0.7605066738999927,0.7602255635568675,4932.YOR116C,4932.YOR224C,999
p06839,p07276,0.63,0.624,0.4795123130616222,0.47322422670182385,4932.YER171W,4932.YGR258C,947
p06105,p38011,0.64,0.644,0.5041724452391315,0.5078936608595033,4932.YJL080C,4932.YMR116C,814
p23293,q05949,0.74,0.756,0.6346894396773581,0.6504300185936183,4932.YPR161C,4932.YLR226W,995
p48240,p53859,0.61,0.62,0.5456425422855129,0.5554091062982066,4932.YGR158C,4932.YNL232W,999
p00899,p00937,0.68,0.6679999999999999,0.5789593749120596,0.5667026631390133,4932.YER090W,4932.YKL211C,999
p53119,p53141,0.8,0.804,0.6942074566520473,0.6979477297459252,4932.YGL141W,4932.YGL106W,
p17890,p32349,0.67,0.664,0.5752092060599294,0.5689564598585916,4932.YNL151C,4932.YPR190C,999
p40055,q04500,0.66,0.656,0.5292608413333947,0.524985285584927,4932.YER082C,4932.YML093W,998
p80428,q06116,0.71,0.708,0.5056515729678048,0.5033293115043832,4932.YJL081C,4932.YPR117W,
p40496,p47141,0.7,0.7,0.6368020346130636,0.6365693343336287,4932.YIL093C,4932.YJR101W,997
p06839,q04673,0.62,0.616,0.502319463183044,0.4980521932426456,4932.YER171W,4932.YLR005W,999
p47130,q12049,0.68,0.688,0.5861045008218053,0.5938523226927072,4932.YJR084W,4932.YPR045C,994
p46682,q99186,0.67,0.6719999999999999,0.5484893902027206,0.5502196900480183,4932.YGR261C,4932.YOL062C,720
p40367,q06636,0.69,0.6979999999999998,0.5848964946010156,0.5926372048954085,4932.YJL062W,4932.YDR302W,943
p46674,q12245,0.63,0.634,0.499495744360538,0.5032203376600648,4932.YDR159W,4932.YPL144W,
p26449,p41695,0.83,0.8320000000000001,0.7046875457758865,0.7064154333181412,4932.YOR026W,4932.YGR188C,999
p32775,p33418,0.62,0.61,0.46977546910653645,0.4594875497215158,4932.YEL011W,4932.YKL205W,
p34225,p40994,0.65,0.662,0.5578374592434752,0.5695863806914259,4932.YBL060W,4932.YOR094W,617
p16467,q06408,0.83,0.826,0.7149469992280222,0.7106813964818818,4932.YLR134W,4932.YDR380W,
p39007,q99380,0.88,0.8800000000000001,0.7969495849993276,0.7967042881695753,4932.YGL022W,4932.YDL232W,999
p35729,p36161,0.69,0.678,0.520239324160404,0.5079390089231026,4932.YKL057C,4932.YKR082W,999
q00362,q12418,0.65,0.6599999999999999,0.5463542471829728,0.556095882433938,4932.YGL190C,4932.YLR094C,
p38972,p54867,0.61,0.6039999999999999,0.46339127025741733,0.45710564512937857,4932.YGR061C,4932.YOR008C,
p08518,p10964,0.9,0.8939999999999999,0.6993691628992806,0.6930492602786991,4932.YOR151C,4932.YOR341W,574
p07703,p08518,0.89,0.89,0.753149692358135,0.7528702590329923,4932.YPR110C,4932.YOR151C,802
p19146,p53739,0.61,0.622,0.5031799710636649,0.5149195922090847,4932.YDL137W,4932.YNR047W,
p42883,p47183,0.71,0.718,0.6331337216195005,0.6408923486777127,4932.YNL332W,4932.YJR156C,
p00546,p20052,0.67,0.67,0.6010361602164424,0.6007998014400273,4932.YBR160W,4932.YOL001W,654
p32902,p47141,0.76,0.756,0.6848622117887472,0.6806219355888634,4932.YHL004W,4932.YJR101W,997
p38902,q03661,0.84,0.836,0.6911497978842392,0.6868627505226685,4932.YOL005C,4932.YMR219W,
p15731,p53119,0.65,0.658,0.5442762136341307,0.5520165303549063,4932.YBR082C,4932.YGL141W,292
p17157,p24869,0.61,0.608,0.5235743770546436,0.5213269386263715,4932.YPL031C,4932.YPR119W,344
p07560,p39958,0.61,0.602,0.5343409476800225,0.5261003407335709,4932.YFL005W,4932.YER136W,992
p00854,p81450,0.69,0.688,0.6500181997882626,0.6478002303656487,4932.Q0085,4932.YML081C-A,998
q06224,q12102,0.61,0.606,0.4687292457205533,0.464447007583935,4932.YLR277C,4932.YLR115W,999
p32945,p36047,0.71,0.706,0.6165544040290024,0.6123025113673654,4932.YPL179W,4932.YKL193C,360
p39110,q06836,0.62,0.6060000000000001,0.49138676329059106,0.47711255645792106,4932.YMR138W,4932.YPR095C,
p32915,p52871,0.61,0.604,0.5431735548912616,0.5369385523101823,4932.YLR378C,4932.YER019C-A,975
p47058,q9urq3,0.74,0.7440000000000001,0.6727987670811905,0.6765635266940169,4932.YJL035C,4932.YLR316C,994
p43588,q08723,0.64,0.6380000000000001,0.5662639489384367,0.5640245621528512,4932.YFR004W,4932.YOR261C,999
p19735,q12318,0.63,0.6319999999999999,0.5186758002946581,0.5204125635049196,4932.YBR055C,4932.YLR376C,
p38328,p40518,0.69,0.686,0.626027600223942,0.6217944085592152,4932.YBR234C,4932.YIL062C,999
p17898,p22140,0.73,0.728,0.6445294423344481,0.6422826099033244,4932.YNL130C,4932.YHR123W,944
q05787,q99220,0.63,0.6279999999999999,0.5039014338201604,0.5016288225676062,4932.YLR207W,4932.YDR057W,999
p41318,p42943,0.7,0.71,0.6091331124990297,0.6188828560501336,4932.YNL006W,4932.YJL111W,
p34087,p38114,0.66,0.6460000000000001,0.5406756999507797,0.5264073870284488,4932.YDR404C,4932.YBR150C,
p51996,p53258,0.64,0.638,0.526636595457944,0.524372064775168,4932.YGL210W,4932.YGR100W,190
p33754,p39742,0.69,0.684,0.640433051576622,0.6342090002948877,4932.YBR171W,4932.YLR292C,999
p21306,p38077,0.75,0.742,0.7033938137415585,0.695171641088926,4932.YPL271W,4932.YBR039W,999
p18409,q3e828,0.76,0.758,0.6953546804308123,0.6931210617926792,4932.YAL010C,4932.YJL127C-B,
q06106,q08096,0.64,0.624,0.521369056879263,0.5051011838978767,4932.YPR112C,4932.YOL010W,720
p47117,q06440,0.6,0.6,0.49141584926586657,0.49115435106080707,4932.YJR065C,4932.YLR429W,412
p32461,p35169,0.67,0.6519999999999999,0.4645880952565995,0.44626515900740765,4932.YKL191W,4932.YJR066W,
p38883,p53877,0.65,0.6479999999999999,0.5273764611662746,0.5251060548485104,4932.YHR197W,4932.YNL182C,999
p53740,q12675,0.84,0.8459999999999999,0.6794687812867892,0.6851743222195502,4932.YNR048W,4932.YDR093W,188
p27351,p38700,0.68,0.674,0.5581794745128001,0.5519095777139227,4932.YJR005W,4932.YHL019C,756
p17709,q04409,0.65,0.648,0.5483212801028035,0.5460641634531033,4932.YCL040W,4932.YDR516C,232
p40359,q12146,0.64,0.632,0.5895415850564442,0.5813169681315224,4932.YJL072C,4932.YOL146W,999
q03981,q04368,0.65,0.6599999999999999,0.5941579899420781,0.6039299570796742,4932.YDR179C,4932.YMR025W,971
p33892,p42942,0.76,0.758,0.5513846905585725,0.5490597217215012,4932.YGL195W,4932.YGR210C,
p38337,p38827,0.79,0.784,0.6734035721286296,0.6671369900646973,4932.YBR258C,4932.YHR119W,967
p26263,q06408,0.84,0.8400000000000001,0.7249469992280222,0.7246813964818819,4932.YGR087C,4932.YDR380W,
p46674,p47130,0.66,0.66,0.5140366585347066,0.5137514429110902,4932.YDR159W,4932.YJR084W,787
p38334,q04183,0.77,0.7619999999999999,0.6386165200673252,0.630340555491463,4932.YBR254C,4932.YDR407C,996
p14126,p26784,0.65,0.654,0.5814972229020665,0.5852611566738978,4932.YOR063W,4932.YIL133C,995
p25626,p35996,0.63,0.6359999999999999,0.591410223770094,0.5971931375986894,4932.YCR046C,4932.YKL170W,971
p53046,q04952,0.62,0.62,0.41721427284333257,0.41689300292644527,4932.YGR070W,4932.YMR306W,
p49018,q04080,0.65,0.646,0.5522669752873914,0.5480123622152797,4932.YDR331W,4932.YDR434W,993
p36517,q06630,0.71,0.704,0.6453546804308122,0.6391210617926791,4932.YLR439W,4932.YDR296W,915
p48363,p53900,0.6,0.6,0.5587734731790891,0.5585547139667179,4932.YGR078C,4932.YNL153C,998
p25654,p35207,0.63,0.6239999999999999,0.4983244471062194,0.49204829720754706,4932.YCR090C,4932.YLR398C,
p10964,p46669,0.63,0.636,0.47021955810706695,0.47592557541418884,4932.YOR341W,4932.YOR340C,999
p10663,p53305,0.68,0.686,0.652690938937206,0.6584810104767633,4932.YPR166C,4932.YGR215W,996
p38836,q04119,0.67,0.672,0.561146304068543,0.5628846348347336,4932.YHR132C,4932.YDR452W,
p00401,p04039,0.79,0.79,0.7191206686309235,0.7188830944585947,4932.Q0045,4932.YLR395C,998
p36165,p40308,0.67,0.67,0.5335467243772469,0.533267542972341,4932.YKR089C,4932.YMR313C,900
p24031,p35842,0.7,0.6980000000000001,0.6030697771633714,0.6008156734759666,4932.YBR092C,4932.YAR071W,900
p47122,q06543,0.64,0.632,0.5651237323694875,0.5568836221066654,4932.YJR072C,4932.YLR243W,771
p06782,p12904,0.63,0.632,0.5315412004178379,0.5332861268353186,4932.YDR477W,4932.YGL115W,999
p13586,p40482,0.63,0.63,0.4760204980482097,0.47573019610170186,4932.YGL167C,4932.YIL109C,163
p47117,q06116,0.8,0.8,0.5972967991547021,0.5969755816014705,4932.YJR065C,4932.YPR117W,
p00045,p40086,0.66,0.65,0.5903024979504218,0.5800656736589781,4932.YEL039C,4932.YER141W,
p07149,p19097,0.77,0.768,0.5290436919086484,0.5266982024293019,4932.YKL182W,4932.YPL231W,999
p40090,q04002,0.74,0.742,0.5739495150762872,0.575651553987087,4932.YER147C,4932.YDR180W,989
p32604,q06137,0.72,0.71,0.6211075585030426,0.6108522097709923,4932.YJL155C,4932.YLR345W,978
p35842,p53552,0.7,0.6839999999999999,0.5365426298101508,0.5202463140745899,4932.YAR071W,4932.YNL139C,
p30952,p53599,0.63,0.646,0.46317308292624404,0.47887462918415524,4932.YNL117W,4932.YNR031C,
p32900,q04952,0.65,0.61,0.4652538505864572,0.4249440269370667,4932.YHR149C,4932.YMR306W,
p32598,p34758,0.62,0.6060000000000001,0.505854477541952,0.49158945059862014,4932.YER133W,4932.YOR329C,457
p32807,q04437,0.72,0.72,0.6028286994231387,0.602561752597522,4932.YMR284W,4932.YMR106C,999
p36048,p43321,0.69,0.6940000000000001,0.5808100583233442,0.5845481757387126,4932.YKL173W,4932.YLR147C,998
q06132,q12099,0.62,0.618,0.49861352332452247,0.49634390193335554,4932.YLR336C,4932.YDR021W,924
p36097,q06822,0.72,0.72,0.5876254934847877,0.5873489000940209,4932.YKL033W,4932.YPR085C,879
p40560,p53202,0.64,0.64,0.5211796589620061,0.5209116658060096,4932.YIL001W,4932.YGR003W,615
p14242,p25847,0.64,0.648,0.4880453130273731,0.4957562958434142,4932.YNL082W,4932.YOL090W,953
p37297,q03653,0.61,0.614,0.4181027194701926,0.4217883583664988,4932.YLR305C,4932.YMR212C,726
p36017,p54787,0.6,0.602,0.5247751703932317,0.5265348389648327,4932.YOR089C,4932.YML097C,697
p07245,p09440,0.77,0.776,0.6137101518437037,0.6194183839626245,4932.YGR204W,4932.YBR084W,939
p38203,p57743,0.63,0.626,0.6091125946677229,0.6049067408031668,4932.YBL026W,4932.YLR438C-A,999
p40509,p53622,0.82,0.818,0.6866979454148319,0.6844207634868233,4932.YIL076W,4932.YDL145C,999
p40496,q03799,0.61,0.608,0.5582206547511956,0.5559951996846147,4932.YIL093C,4932.YMR158W,991
p36039,q12431,0.65,0.6519999999999999,0.6047950938286651,0.6065738103003204,4932.YKL207W,4932.YLL014W,999
p60010,q03048,0.66,0.6580000000000001,0.5979747292681858,0.595742773073613,4932.YFL039C,4932.YLL050C,993
p36132,p46984,0.6,0.604,0.5388631909047572,0.5426317984467471,4932.YKR038C,4932.YJL184W,997
q00246,q12434,0.6,0.602,0.5404622966671682,0.5422319188555413,4932.YKR055W,4932.YDL135C,765
p29340,q06554,0.68,0.668,0.5332302720228546,0.520944544740049,4932.YGR133W,4932.YLR247C,
p53131,q06411,0.67,0.67,0.5379746148942545,0.5376982430240297,4932.YGL120C,4932.YLR424W,995
q08224,q08975,0.75,0.752,0.641281015518075,0.643019431759841,4932.YOL055C,4932.YPL258C,900
o14455,p05748,0.69,0.694,0.6517941777568478,0.6555773352075559,4932.YPL249C-A,4932.YLR029C,936
q07951,q12245,0.65,0.6540000000000001,0.608897084059478,0.6126784032792755,4932.YLR021W,4932.YPL144W,997
p40554,p53088,0.75,0.7539999999999999,0.6940534055826171,0.697825306360536,4932.YIL008W,4932.YGL211W,360
p13712,p22579,0.63,0.624,0.47183073118338736,0.4655377707937072,4932.YBR195C,4932.YOL004W,595
p50874,p54790,0.72,0.72,0.6117534708838326,0.6114921869025984,4932.YNL261W,4932.YLL004W,999
p35842,p38693,0.68,0.676,0.5830697771633715,0.5788156734759666,4932.YAR071W,4932.YHR215W,907
p03965,p07258,0.84,0.8400000000000001,0.7048576022575666,0.7045792526159695,4932.YJR109C,4932.YOR303W,981
p38336,p38786,0.66,0.67,0.5927987670811905,0.6025635266940168,4932.YBR257W,4932.YHR062C,998
p22579,q03010,0.62,0.626,0.4599189089785809,0.46562473552124056,4932.YOL004W,4932.YPL139C,988
p01123,p11433,0.63,0.626,0.5241387321254717,0.5198789616130455,4932.YFL038C,4932.YAL041W,
p40308,q12043,0.69,0.686,0.5629389954381544,0.5586657735101552,4932.YMR313C,4932.YOR081C,900
p38291,p41812,0.69,0.692,0.5872641365505684,0.5890063491341767,4932.YBR167C,4932.YNL221C,997
p20449,q12315,0.61,0.6079999999999999,0.5069134934092973,0.5046554835068113,4932.YOR046C,4932.YDL207W,998
p38968,q04491,0.89,0.8939999999999999,0.7525275814769278,0.7562477534170711,4932.YDL195W,4932.YLR208W,999
p38711,p40317,0.61,0.604,0.5095290071074872,0.5032726567709767,4932.YHR021C,4932.YDR006C,
p32565,p43588,0.62,0.626,0.501558681484875,0.5072909288219347,4932.YIL075C,4932.YFR004W,999
p03965,q00416,0.63,0.602,0.4108897798501933,0.3825581519018592,4932.YJR109C,4932.YLR430W,
p35995,q12340,0.67,0.67,0.5370451923295767,0.5367682307327274,4932.YKL222C,4932.YOR172W,
p40017,p80235,0.78,0.7780000000000001,0.6402835329496768,0.6380022810216963,4932.YER024W,4932.YAR035W,945
p36519,q06678,0.72,0.726,0.6449493191497291,0.6507090982202164,4932.YDR237W,4932.YDR322W,947
p17076,p54780,0.66,0.658,0.6038445788296143,0.6016163471051593,4932.YHL033C,4932.YMR121C,392
p00635,p38693,0.7,0.6980000000000001,0.6030697771633714,0.6008156734759666,4932.YBR093C,4932.YHR215W,900
p08518,p40554,0.59,0.612,0.4670686649892616,0.48879806337217135,4932.YOR151C,4932.YIL008W,
p53068,p53886,0.82,0.8160000000000001,0.6598187930448725,0.6555245560631097,4932.YGL240W,4932.YNL172W,998
p47057,q07528,0.68,0.682,0.5739327528201652,0.5756728516120952,4932.YJL036W,4932.YDL113C,991
p32486,p40989,0.65,0.6479999999999999,0.4610150839465446,0.4587025707632022,4932.YPR159W,4932.YGR032W,
p39526,q12028,0.63,0.634,0.43112385362954453,0.4348050643753488,4932.YJL207C,4932.YPR029C,479
p53583,q04585,0.71,0.704,0.591179658962006,0.5849116658060095,4932.YNL249C,4932.YDR109C,
p38137,q06409,0.76,0.756,0.5772235948516828,0.572915021021999,4932.YBR222C,4932.YLR422W,
p40339,p49956,0.7,0.682,0.5938641576575334,0.5756042129252418,4932.YOL094C,4932.YMR078C,973
p06242,p46962,0.7,0.706,0.6275939801054893,0.633355437236138,4932.YDL108W,4932.YJL006C,912
q03430,q03976,0.62,0.626,0.5431337216195006,0.5488923486777127,4932.YDR494W,4932.YDR175C,979
p53969,q3e7z7,0.63,0.616,0.5673867034241854,0.5531543741221483,4932.YNL026W,4932.YDR003W-A,
p27351,q00776,0.75,0.75,0.6364406920361934,0.6361760370510086,4932.YJR005W,4932.YPL259C,970
p32387,p53881,0.6,0.606,0.5327987670811904,0.5385635266940167,4932.YDR405W,4932.YNL177C,963
p33204,p40518,0.73,0.73,0.6891448741484772,0.6889263505932209,4932.YKL013C,4932.YIL062C,998
p38881,p39968,0.62,0.628,0.5256561065257621,0.5334036438866201,4932.YHR195W,4932.YEL013W,999
q06102,q06632,0.61,0.6180000000000001,0.4728100880733574,0.4805304392663703,4932.YPR107C,4932.YDR301W,999
p32501,p32502,0.67,0.6719999999999999,0.5618887353133629,0.5636275371585746,4932.YDR211W,4932.YLR291C,999
p40045,p40563,0.66,0.652,0.5728627936974379,0.564614903763395,4932.YER071C,4932.YIR003W,918
p39692,p47169,0.75,0.75,0.5671336830066734,0.5668250521271492,4932.YFR030W,4932.YJR137C,993
p26449,q02630,0.72,0.712,0.5892021661151572,0.5809265731367581,4932.YOR026W,4932.YMR047C,
q00711,q08230,0.75,0.7460000000000001,0.6630995441013363,0.6588518043874646,4932.YKL148C,4932.YOL071W,831
q07084,q07688,0.65,0.6540000000000001,0.557156648711997,0.5609051381798,4932.YLR006C,4932.YDL235C,993
p0ct04,p22579,0.61,0.616,0.4702277910370945,0.47594650374039016,4932.YNL015W,4932.YOL004W,
p38285,p52286,0.63,0.6359999999999999,0.5478490037540142,0.5536042776132105,4932.YBR158W,4932.YDR328C,774
p53076,p53184,0.65,0.66,0.5365059653594557,0.546241351790757,4932.YGL227W,4932.YGL037C,
p53292,q02608,0.8,0.8,0.7432208077156147,0.7429921802030139,4932.YGR165W,4932.YPL013C,995
p53237,q12680,0.62,0.612,0.44121632725320525,0.43291028684662924,4932.YGR057C,4932.YDL171C,
p11076,p32074,0.66,0.664,0.5503405851371446,0.5540784046677316,4932.YDL192W,4932.YNL287W,918
p04051,p47076,0.76,0.766,0.6196713206389034,0.6253896802569371,4932.YOR116C,4932.YJL011C,999
p32345,p38193,0.7,0.696,0.6173575926792464,0.6131125547338822,4932.YDR075W,4932.YBL046W,997
p11075,p19146,0.73,0.7360000000000001,0.5604304423341644,0.566130248362991,4932.YDR170C,4932.YDL137W,199
p32836,p41920,0.61,0.61,0.5580023476396629,0.5577767540553391,4932.YOR185C,4932.YDR002W,479
p38696,q06116,0.71,0.708,0.5099943642570611,0.5076748583321276,4932.YHR129C,4932.YPR117W,
q03201,q03430,0.72,0.72,0.653549664716505,0.6533149007803501,4932.YDR041W,4932.YDR494W,979
p11076,p48563,0.76,0.7559999999999999,0.6090920186897713,0.6048036656495729,4932.YDL192W,4932.YNL297C,
p32333,p53318,0.64,0.6319999999999999,0.4631016985948493,0.45479685447263274,4932.YPL082C,4932.YGR255C,
p33775,p47190,0.75,0.744,0.6125275814769278,0.6062477534170712,4932.YDL095W,4932.YOR321W,945
p43583,q07951,0.71,0.708,0.5342129810968621,0.5319088420929674,4932.YFL007W,4932.YLR021W,
p00546,p24869,0.77,0.772,0.6841306163787284,0.6858835308890997,4932.YBR160W,4932.YPR119W,998
p38344,q03862,0.62,0.624,0.5193151243642258,0.523058638317272,4932.YBR267W,4932.YDR101C,995
q03085,q12036,0.65,0.66,0.59447243145558,0.6042445981090255,4932.YPL033C,4932.YPL148C,
p26570,p50278,0.65,0.652,0.5474046355709564,0.5491469373024035,4932.YML016C,4932.YNR034W,
p08964,p53141,0.85,0.8539999999999999,0.6859035302846108,0.6896068090348947,4932.YHR023W,4932.YGL106W,970
p39990,p42837,0.61,0.6119999999999999,0.5079680234280802,0.5097106826339765,4932.YEL026W,4932.YNL325C,
p25635,p47083,0.61,0.608,0.475602896757661,0.4733250200118452,4932.YCR057C,4932.YJR002W,997
q02939,q6q560,0.62,0.618,0.5495737187907139,0.5473364320826146,4932.YPL122C,4932.YER048W-A,
p27692,p32914,0.81,0.812,0.6970946807985268,0.698830440774846,4932.YML010W,4932.YGR063C,999
p48563,q12431,0.67,0.668,0.5229622499250801,0.5206763525799444,4932.YNL297C,4932.YLL014W,
p15731,p33202,0.78,0.78,0.6391165640515004,0.6388345716717001,4932.YBR082C,4932.YKL010C,568
p42934,q06644,0.74,0.7440000000000001,0.6111492263674565,0.6148748688155623,4932.YGR199W,4932.YDR307W,
p25635,q06078,0.72,0.718,0.5667449112756412,0.5644550689755673,4932.YCR057C,4932.YLR409C,999
q02884,q04868,0.79,0.782,0.7090034036115834,0.7007594099474351,4932.YPL101W,4932.YMR312W,998
q12262,q12748,0.64,0.632,0.5445416239159746,0.5362884541280148,4932.YPR046W,4932.YLR381W,988
p06777,p39735,0.68,0.68,0.5547481710073477,0.5544760970168339,4932.YPL022W,4932.YAL027W,804
p25343,q05670,0.72,0.724,0.6224854557792792,0.6262309813349218,4932.YCR009C,4932.YMR232W,741
p53131,p53866,0.67,0.6759999999999999,0.5345717945913783,0.5402932636023545,4932.YGL120C,4932.YNL224C,973
p07703,p38902,0.72,0.7059999999999998,0.6643675025007125,0.6501396025758321,4932.YPR110C,4932.YOL005C,754
p19146,p43564,0.65,0.6399999999999999,0.5313690568792631,0.5211011838978766,4932.YDL137W,4932.YFL034W,
p07347,p12945,0.84,0.8400000000000001,0.7319564139363437,0.7316952587242249,4932.YHR013C,4932.YDL040C,999
p16658,q02825,0.62,0.614,0.5298242752718405,0.5235744573716785,4932.YLR105C,4932.YPL083C,983
p32598,p36025,0.6,0.606,0.5320531023732781,0.5378173888554229,4932.YER133W,4932.YOR062C,
p00854,q06405,0.61,0.61,0.5649129112993757,0.5646917025272313,4932.Q0085,4932.YDR377W,980
p22276,p25441,0.61,0.6119999999999999,0.4724711341656366,0.4741912702894745,4932.YOR207C,4932.YDL150W,999
p13382,p38121,0.71,0.71,0.5412446484535711,0.5409449711031951,4932.YNL102W,4932.YBL035C,999
p39707,q04675,0.68,0.672,0.6299862122582354,0.6217618774531039,4932.YAR008W,4932.YMR059W,933
p36000,p38065,0.61,0.61,0.4625876636240309,0.46230152860065993,4932.YKL135C,4932.YBL037W,834
p11075,p38555,0.65,0.64,0.4784323201491146,0.4681308583521999,4932.YDR170C,4932.YER031C,462
p25648,q06213,0.63,0.622,0.4917389475001931,0.48345861904528387,4932.YCR081W,4932.YPR168W,540
p39707,q02825,0.68,0.676,0.5979310982462127,0.5936864241950718,4932.YAR008W,4932.YPL083C,973
p38172,p40098,0.68,0.682,0.6183686403340437,0.6201369340794357,4932.YBL095W,4932.YER182W,
p19146,p25356,0.67,0.6660000000000001,0.493009348852963,0.48870444613403974,4932.YDL137W,4932.YCR032W,
q07468,q12380,0.61,0.606,0.4858432584278974,0.48157187927978656,4932.YDL077C,4932.YPL149W,
p25359,p53256,0.8,0.8039999999999999,0.728669465416989,0.7324316049523334,4932.YCR035C,4932.YGR095C,999
p00899,p19524,0.62,0.61,0.45570728690154416,0.445410441133711,4932.YER090W,4932.YOR326W,
p32589,p40150,0.68,0.682,0.5581175626608524,0.5598476265783715,4932.YPL106C,4932.YNL209W,506
p0c2h7,p40525,0.7,0.7,0.6680773026386034,0.6678644467861808,4932.YDR471W,4932.YIL052C,392
p17157,p38111,0.68,0.652,0.48849180058203756,0.4601776863536613,4932.YPL031C,4932.YBR136W,
p30822,p32835,0.71,0.7139999999999999,0.5883033694206837,0.5920335512341927,4932.YGR218W,4932.YLR293C,998
p38251,p40348,0.59,0.6,0.5108400917735887,0.5205972635039031,4932.YBR087W,4932.YJR068W,999
q03718,q06479,0.61,0.6,0.4846269427963019,0.4743547918854437,4932.YML023C,4932.YLR352W,
p10659,p19358,0.63,0.634,0.5459758516178186,0.5497299369458465,4932.YLR180W,4932.YDR502C,972
p17558,q02608,0.67,0.6799999999999999,0.6160604591472807,0.625833633417978,4932.YOR158W,4932.YPL013C,995
p32563,q3e7b6,0.88,0.8880000000000001,0.7846156369087548,0.7923625140826769,4932.YOR270C,4932.YCL005W-A,991
p28004,q12417,0.63,0.626,0.5409067838062835,0.5366576527671129,4932.YAL032C,4932.YPL151C,985
q07872,q12674,0.69,0.69,0.5346310084098944,0.53433982482024,4932.YLL038C,4932.YMR162C,
p38146,q02866,0.6,0.608,0.5123906126583113,0.5201424231213312,4932.YBR264C,4932.YPL070W,237
q06632,q12102,0.68,0.6719999999999999,0.509191274262077,0.5008902940280856,4932.YDR301W,4932.YLR115W,999
p53202,q03071,0.79,0.788,0.6999012981424994,0.6976515291140123,4932.YGR003W,4932.YPL046C,995
p0cd97,p0ce11,0.67,0.662,0.6296427522636767,0.6214245446163739,4932.YER039C-A,4932.YER039C,
p53840,q07930,0.64,0.6420000000000001,0.509907606181687,0.5116324608110878,4932.YNL273W,4932.YLR016C,
p32598,p40095,0.75,0.7539999999999999,0.6567047097215873,0.6604529124302072,4932.YER133W,4932.YER158C,454
p13099,q02685,0.67,0.6719999999999999,0.5758054045704283,0.5775530366621817,4932.YLR234W,4932.YPL024W,999
p40081,p40462,0.66,0.652,0.5498058436330072,0.5415433238655029,4932.YER134C,4932.YIL137C,
q06632,q07468,0.62,0.614,0.44034811089820136,0.43404151960086806,4932.YDR301W,4932.YDL077C,
p04050,p46655,0.64,0.636,0.458757691777945,0.45445009134597775,4932.YDL140C,4932.YGL245W,
p20049,q06678,0.62,0.62,0.531763746657813,0.5315151593689548,4932.YBR166C,4932.YDR322W,
p17157,p20052,0.71,0.708,0.6403939366804771,0.6381571704076954,4932.YPL031C,4932.YOL001W,999
p53937,q01163,0.65,0.646,0.5808522814750572,0.5766158060259965,4932.YNL081C,4932.YGL129C,991
p36000,p38153,0.75,0.748,0.6342376942678836,0.631971641461635,4932.YKL135C,4932.YBR288C,900
p42841,q06632,0.83,0.8299999999999998,0.6788298044322773,0.6785412850148734,4932.YNL317W,4932.YDR301W,999
p47052,q08230,0.7,0.674,0.6135743770546436,0.5873269386263715,4932.YJL045W,4932.YOL071W,569
p40851,p53915,0.64,0.638,0.509554520760471,0.5072791513541299,4932.YPR122W,4932.YNL129W,
p25343,p39743,0.69,0.6839999999999999,0.6075211769412222,0.6012762427914815,4932.YCR009C,4932.YDR388W,985
p06367,p40890,0.66,0.648,0.5160953457709749,0.5038114364021464,4932.YCR031C,4932.YJL222W,
p06100,q12514,0.63,0.628,0.5471942266754168,0.5449490850729156,4932.YDL165W,4932.YPR072W,999
p41940,q03631,0.62,0.604,0.49817947451280004,0.4819095777139226,4932.YDL055C,4932.YML076C,
p22579,p53096,0.69,0.68,0.5303198751779873,0.5200259561371551,4932.YOL004W,4932.YGL194C,790
p32345,p36123,0.63,0.6500000000000001,0.5059653866382643,0.5256940849815552,4932.YDR075W,4932.YKR028W,
p04050,p20435,0.72,0.7219999999999999,0.5654017209756358,0.5671110264097442,4932.YDL140C,4932.YPR187W,999
q02554,q04693,0.65,0.654,0.5001445010050799,0.5038568157739783,4932.YMR240C,4932.YML049C,999
p40413,p42943,0.62,0.626,0.5106086746318255,0.5163466642675065,4932.YJR064W,4932.YJL111W,999
p32617,p53946,0.73,0.732,0.6340246626326743,0.6357711648283265,4932.YEL044W,4932.YNL059C,991
p36149,q03784,0.73,0.724,0.6789888623581005,0.6727638947258647,4932.YKR068C,4932.YDR246W,999
p23595,p31383,0.66,0.672,0.5574749370921623,0.5692172834305302,4932.YDL188C,4932.YAL016W,999
p38792,q12277,0.67,0.67,0.5980408412117488,0.5978025818796193,4932.YHR069C,4932.YDL111C,999
p38875,p39012,0.74,0.7380000000000001,0.6232756401759777,0.6210089769381194,4932.YHR188C,4932.YLR088W,999
p39960,q00245,0.64,0.65,0.4607132563211854,0.47040689671176883,4932.YER155C,4932.YIL118W,
p23968,p32366,0.62,0.626,0.5541163391216744,0.5598819347453117,4932.YHR026W,4932.YLR447C,999
p34111,q06339,0.68,0.68,0.5283064530710001,0.5280176015826488,4932.YAL001C,4932.YDR362C,995
p22138,p40422,0.68,0.6660000000000001,0.5601733319822826,0.5459047003031475,4932.YPR010C,4932.YHR143W-A,999
p40858,q06090,0.63,0.636,0.592180030973686,0.5979634332515844,4932.YJL096W,4932.YPR100W,829
q3e834,q8tgj3,0.64,0.6420000000000001,0.6237417839689414,0.6255388673648794,4932.YER074W-A,4932.YNL024C-A,
p23724,p39524,0.73,0.72,0.59106574505901,0.5807849894513518,4932.YBL041W,4932.YAL026C,
q06109,q07843,0.7,0.698,0.639061690934013,0.6368304244259817,4932.YPR116W,4932.YLL033W,418
p36519,p36527,0.69,0.6980000000000001,0.6360604591472806,0.6438336334179782,4932.YDR237W,4932.YDR462W,933
q06512,q99207,0.76,0.754,0.6346875457758865,0.6284154333181411,4932.YPR144C,4932.YDL148C,997
p40540,p47133,0.65,0.644,0.5967032546079859,0.5904768367379412,4932.YIL027C,4932.YJR088C,996
p53201,p53930,0.65,0.662,0.5712614897196273,0.583018928830569,4932.YGR002C,4932.YNL107W,999
p25301,p38953,0.65,0.652,0.5581411717263304,0.559890285882468,4932.YDR004W,4932.YDR076W,999
p16370,p38902,0.81,0.8059999999999998,0.7561672852776501,0.7519405273304474,4932.YIL021W,4932.YOL005C,999
p06781,p11433,0.74,0.732,0.6351038458116868,0.6268446876722094,4932.YNL090W,4932.YAL041W,
p04050,p0cx30,0.63,0.6460000000000001,0.47591723139550507,0.49162686392541655,4932.YDL140C,4932.YGR118W,
p31382,p33775,0.73,0.736,0.5921891667051068,0.5979091239181619,4932.YAL023C,4932.YDL095W,997
p32259,p53114,0.77,0.776,0.6044850153976956,0.6101873940880629,4932.YNL236W,4932.YGL151W,991
p32324,p32461,0.71,0.708,0.5838411179031433,0.5815684683796203,4932.YDR385W,4932.YKL191W,784
p07256,p07257,0.77,0.7619999999999999,0.6812956039207916,0.6730467195913333,4932.YBL045C,4932.YPR191W,999
p15624,p15625,0.72,0.7239999999999999,0.6115508056456103,0.6152893930715364,4932.YLR060W,4932.YFL022C,996
p40359,q01454,0.6,0.6060000000000001,0.4887420394202594,0.49447884465981695,4932.YJL072C,4932.YPR135W,998
p40991,q08962,0.8,0.798,0.7133367377208835,0.7110891485084068,4932.YNL061W,4932.YPL211W,998
q02804,q06116,0.63,0.618,0.43788684535402433,0.42557234727634397,4932.YPL051W,4932.YPR117W,
p09733,p38863,0.61,0.6100000000000001,0.49036153447583875,0.49009302221280737,4932.YML085C,4932.YHR172W,225
p05739,p41056,0.65,0.648,0.6145366799278476,0.612321577519811,4932.YLR448W,4932.YOR234C,392
p40579,p40580,0.77,0.772,0.7080730640364894,0.7098411702361742,4932.YIR035C,4932.YIR036C,
p25336,p25847,0.66,0.652,0.5006211295400418,0.4923274016476976,4932.YCR092C,4932.YOL090W,999
p56628,q06709,0.65,0.6479999999999999,0.5844958161781555,0.5822616525832545,4932.YFL034C-A,4932.YLR387C,
p34110,p38759,0.72,0.7219999999999999,0.6031478127002688,0.6048810683547756,4932.YJL154C,4932.YHR012W,999
p04051,p22276,0.88,0.882,0.6912777034409643,0.6929653568919538,4932.YOR116C,4932.YOR207C,999
p38334,q03337,0.67,0.666,0.6140534055826171,0.6098253063605361,4932.YBR254C,4932.YDR472W,999
q03761,q3e829,0.63,0.632,0.558489496242122,0.5602515215854745,4932.YDR145W,4932.YDL160C-A,
q04673,q12004,0.68,0.68,0.5933367377208835,0.5930891485084067,4932.YLR005W,4932.YPR056W,999
p07274,p60010,0.68,0.6839999999999999,0.619659551805479,0.6234286646453214,4932.YOR122C,4932.YFL039C,996
p36132,q3e833,0.78,0.774,0.7223953264613111,0.7161661751737426,4932.YKR038C,4932.YKR095W-A,998
q04693,q06835,0.77,0.776,0.6383828218861196,0.6441067090267482,4932.YML049C,4932.YPR094W,999
p15732,q06554,0.71,0.696,0.5651173174980377,0.550832787561844,4932.YDR059C,4932.YLR247C,
p30665,p38132,0.6,0.6,0.45114979788423926,0.45086275052266855,4932.YPR019W,4932.YBR202W,999
p05750,p41057,0.72,0.72,0.682827417818093,0.6826112308685217,4932.YNL178W,4932.YLR388W,997
q06149,q12340,0.64,0.6420000000000001,0.5072770785626386,0.5090002640996021,4932.YLR266C,4932.YOR172W,
p32660,p53740,0.84,0.8379999999999999,0.6815276389514441,0.6792344862471313,4932.YER166W,4932.YNR048W,188
p53115,q12406,0.62,0.612,0.46142671111638,0.4531334943724864,4932.YGL150C,4932.YPR034W,
p47170,q02804,0.69,0.7,0.5409377117462012,0.5506505298141487,4932.YJR138W,4932.YPL051W,
p14906,p33754,0.67,0.666,0.577913321795793,0.5736622913791867,4932.YOR254C,4932.YBR171W,999
p35169,p38873,0.63,0.6180000000000001,0.38588882445395983,0.3735413331840328,4932.YJR066W,4932.YHR186C,999
p25635,q6q560,0.65,0.638,0.5471237758848067,0.5348658994083632,4932.YCR057C,4932.YER048W-A,
p16661,p32660,0.65,0.6519999999999999,0.48872080764517234,0.49042587398221366,4932.YBR110W,4932.YER166W,
p32905,q3e754,0.7,0.708,0.6574259949485654,0.6652063807496478,4932.YGR214W,4932.YJL136C,995
p50946,p53949,0.7,0.6979999999999998,0.6464884974518279,0.6442619433165172,4932.YNL099C,4932.YNL056W,932
p23254,p33315,0.85,0.8379999999999999,0.7247481710073477,0.7124760970168337,4932.YPR074C,4932.YBR117C,972
q04264,q12158,0.63,0.626,0.477732413643189,0.47344319792187506,4932.YMR076C,4932.YDL003W,998
q03897,q04491,0.78,0.78,0.6497309718398403,0.6494557143932294,4932.YDR128W,4932.YLR208W,999
p17442,p20052,0.62,0.6180000000000001,0.48820775712266495,0.48593153318319293,4932.YGR233C,4932.YOL001W,972
p23248,p39516,0.6,0.61,0.551107531455565,0.5608839081371249,4932.YML063W,4932.YJL191W,986
p53040,q05027,0.62,0.62,0.5437357650446633,0.5434947741046157,4932.YGL112C,4932.YMR236W,999
q08096,q08965,0.86,0.86,0.7236603264733011,0.7233812171499039,4932.YOL010W,4932.YPL217C,999
p07866,p36017,0.63,0.626,0.4883427541124575,0.48406027074358404,4932.YAL024C,4932.YOR089C,
o13585,p51996,0.67,0.6679999999999999,0.5607429001951779,0.5584809749981352,4932.YPR089W,4932.YGL210W,
p46674,q6wnk7,0.62,0.622,0.49257950914142096,0.49430605911626924,4932.YDR159W,4932.YBR111W-A,999
p06780,p53046,0.72,0.73,0.5945663620441098,0.6042941726942425,4932.YPR165W,4932.YGR070W,286
p29465,p38843,0.67,0.678,0.5376254934847877,0.5453489000940208,4932.YBR023C,4932.YHR142W,581
p05747,q12672,0.62,0.6180000000000001,0.5935917773622937,0.5913824204915931,4932.YFR032C-A,4932.YPL079W,627
p09232,p0ct04,0.65,0.6439999999999999,0.5705879680015646,0.5643449797571735,4932.YEL060C,4932.YNL015W,
p08679,p43635,0.79,0.792,0.6921942255426548,0.6939395663102033,4932.YCR005C,4932.YPR001W,900
p41832,p53254,0.62,0.6100000000000001,0.4071106449385854,0.3967829641827455,4932.YNL271C,4932.YGR090W,
p25560,p53622,0.68,0.686,0.5530589964336519,0.558785850647318,4932.YCL001W,4932.YDL145C,292
p60010,q06179,0.9,0.906,0.6946289129452448,0.7003060025952281,4932.YFL039C,4932.YLR454W,235
p36102,p53010,0.66,0.656,0.5103028775313154,0.5060152927914842,4932.YKL025C,4932.YGL094C,999
q06149,q12244,0.65,0.654,0.5140015732225308,0.5177226804231359,4932.YLR266C,4932.YLL054C,
p38116,p39993,0.64,0.646,0.4985082924810933,0.5042259141477409,4932.YBR164C,4932.YEL022W,292
p35196,q12063,0.73,0.73,0.6547751703932317,0.6545348389648327,4932.YBR002C,4932.YDL193W,957
p38164,p53011,0.78,0.78,0.6531790838540985,0.6529060142642675,4932.YBL104C,4932.YGL100W,999
p26321,q12672,0.63,0.626,0.5741579899420781,0.5699299570796743,4932.YPL131W,4932.YPL079W,627
p39007,q03723,0.73,0.724,0.6248274434350792,0.6185681099159125,4932.YGL022W,4932.YML019W,999
p23594,p53917,0.66,0.6580000000000001,0.5371301776329657,0.534859615046178,4932.YDL134C,4932.YNL127W,638
p38238,q08924,0.76,0.762,0.6370686649892616,0.6387980633721714,4932.YBR061C,4932.YPL183C,997
p33892,q03768,0.63,0.626,0.42733807284386827,0.42301688147914795,4932.YGL195W,4932.YDR152W,688
p35207,q02793,0.83,0.8299999999999998,0.6862043371850919,0.6859204969722544,4932.YLR398C,4932.YGL213C,999
p0c2h6,p40525,0.7,0.6980000000000001,0.6680773026386034,0.665864446786181,4932.YHR010W,4932.YIL052C,873
p46962,p46963,0.78,0.772,0.708489496242122,0.7002515215854745,4932.YJL006C,4932.YML112W,999
p32496,p40016,0.68,0.68,0.5934951142643902,0.5932476255431948,4932.YFR052W,4932.YER021W,999
p38891,p47176,0.77,0.774,0.6857336123778424,0.6894875440029856,4932.YHR208W,4932.YJR148W,968
p38840,p53090,0.81,0.8100000000000002,0.7074046355709565,0.7071469373024036,4932.YHR137W,4932.YGL202W,900
p48570,q12122,0.61,0.616,0.5179892280100222,0.5237382457565628,4932.YDL182W,4932.YDL131W,966
p11076,p39993,0.71,0.714,0.5686187354189176,0.5723364271625608,4932.YDL192W,4932.YEL022W,980
p36126,q06389,0.73,0.736,0.5761755012939542,0.5818852976983412,4932.YKR031C,4932.YDR373W,
p23542,q01802,0.75,0.7460000000000001,0.6579133217957929,0.6536622913791867,4932.YLR027C,4932.YKL106W,900
p05749,q06709,0.66,0.662,0.5945908993053692,0.5963567960415318,4932.YLR061W,4932.YLR387C,822
p04050,p34087,0.73,0.734,0.5745797357570502,0.5782885196344559,4932.YDL140C,4932.YDR404C,999
q02931,q04305,0.68,0.6839999999999999,0.5518628450764119,0.5555889403217364,4932.YPL126W,4932.YMR093W,999
p38065,p47064,0.74,0.73,0.623595666513465,0.6133292063350748,4932.YBL037W,4932.YJL024C,764
p19097,p32914,0.61,0.622,0.4502697103380352,0.4619757594671797,4932.YPL231W,4932.YGR063C,
p19146,p48563,0.76,0.762,0.6090920186897713,0.610803665649573,4932.YDL137W,4932.YNL297C,
p34239,q06892,0.6,0.608,0.48212892361557774,0.4898615327761823,4932.YKL176C,4932.YPL188W,
p09232,p25580,0.61,0.618,0.504758425142829,0.5124990478309612,4932.YEL060C,4932.YCL052C,229
q05787,q08109,0.61,0.61,0.4833593774407947,0.48308642224879783,4932.YLR207W,4932.YOL013C,999
p15303,p53953,0.72,0.71,0.5783979167840412,0.5681154684163581,4932.YPR181C,4932.YNL049C,986
p32345,p40856,0.77,0.766,0.6444452671241915,0.6401730009385541,4932.YDR075W,4932.YJL098W,
p14693,q06409,0.7,0.6759999999999999,0.5270636169785082,0.5027612867276399,4932.YHR083W,4932.YLR422W,
p38604,q12452,0.77,0.7619999999999999,0.6629071887124308,0.6546466367750986,4932.YHR072W,4932.YLR100W,734
p35179,p38353,0.7,0.704,0.632985996605228,0.6367508750168004,4932.YDR086C,4932.YBR283C,998
p25626,p31334,0.7,0.7060000000000001,0.64616728527765,0.6519405273304476,4932.YCR046C,4932.YGR220C,992
p32610,p39111,0.76,0.76,0.7132780648023883,0.7130558187060567,4932.YEL051W,4932.YGR020C,999
p33338,p38065,0.67,0.67,0.5100691769730944,0.5097750988620912,4932.YNL243W,4932.YBL037W,
p38696,p53599,0.65,0.634,0.49157812213982266,0.47528500146752795,4932.YHR129C,4932.YNR031C,
p39966,q12447,0.75,0.744,0.6752984112610252,0.6690584118334647,4932.YER089C,4932.YDR071C,734
p33334,q12417,0.68,0.674,0.48037026868471466,0.47405100127437905,4932.YHR165C,4932.YPL151C,972
p17629,p53552,0.74,0.742,0.5629631887312343,0.564658256723316,4932.YDR138W,4932.YNL139C,999
p00817,q06412,0.71,0.72,0.571177769271228,0.5808970847438977,4932.YBR011C,4932.YLR425W,684
p52286,q04922,0.62,0.62,0.544949319149729,0.5447090982202164,4932.YDR328C,4932.YDR219C,457
p51996,q06116,0.61,0.6,0.41685343431174077,0.4065382805258507,4932.YGL210W,4932.YPR117W,
p07703,p22138,0.88,0.8800000000000001,0.7443434836626188,0.7440648078083439,4932.YPR110C,4932.YPR010C,999
p50110,q05934,0.6,0.602,0.48302008944595376,0.4847532640589554,4932.YMR060C,4932.YLR373C,
p09733,p53904,0.62,0.618,0.541345949201939,0.5391034419031498,4932.YML085C,4932.YNL148C,413
p53088,p53923,0.71,0.716,0.6192097277185132,0.624959519882634,4932.YGL211W,4932.YNL119W,961
p24031,p38693,0.68,0.674,0.5830697771633715,0.5768156734759666,4932.YBR092C,4932.YHR215W,900
p40018,p43321,0.63,0.634,0.5926975055901685,0.5964812362101695,4932.YER029C,4932.YLR147C,999
p04050,p27999,0.83,0.828,0.6771081391549074,0.6748185273260523,4932.YDL140C,4932.YGL070C,998
p38631,q05518,0.62,0.6220000000000001,0.44176645571985523,0.44346076437453097,4932.YLR342W,4932.YDR348C,
p39079,p42842,0.68,0.684,0.5494369882388197,0.5531615442570811,4932.YDR188W,4932.YNL313C,
p10592,q06677,0.63,0.6220000000000001,0.5080556745072238,0.4997856991561763,4932.YLL024C,4932.YDR320C,350
p40090,p40541,0.63,0.6279999999999999,0.48136212272384105,0.47907521008421017,4932.YER147C,4932.YIL026C,
p41543,q92316,0.78,0.778,0.713738219777917,0.7115035754815731,4932.YJL002C,4932.YGL226C-A,999
p47123,p53115,0.63,0.6260000000000001,0.48495481589106326,0.4806701828461999,4932.YJR074W,4932.YGL150C,
p39744,q12176,0.6,0.602,0.45344496724480154,0.455159376187964,4932.YOR206W,4932.YDR060W,994
p19073,q06409,0.75,0.748,0.5836580103142226,0.5813598642627393,4932.YLR229C,4932.YLR422W,861
p22202,p38260,0.62,0.628,0.523216248100895,0.5309622373505619,4932.YER103W,4932.YBR101C,397
p33336,p40989,0.67,0.66,0.47879487228965845,0.4684809503628918,4932.YGR143W,4932.YGR032W,
q07478,q12049,0.61,0.618,0.5143937192964126,0.5221404556616975,4932.YDL084W,4932.YPR045C,
p04050,p08518,0.77,0.772,0.5665139294570907,0.568192215166291,4932.YDL140C,4932.YOR151C,999
p24279,p38132,0.61,0.616,0.4591445048169258,0.46485618507962745,4932.YEL032W,4932.YBR202W,998
p04051,p35718,0.73,0.7259999999999999,0.5868596492851816,0.5825762248735176,4932.YOR116C,4932.YKL144C,999
p49626,q12213,0.68,0.6839999999999999,0.609664552460285,0.6134273233869315,4932.YDR012W,4932.YPL198W,888
p14843,p32449,0.75,0.75,0.6680954533578762,0.6678508835914696,4932.YDR035W,4932.YBR249C,900
p40492,p40547,0.67,0.6819999999999999,0.5402024055568531,0.551927447238997,4932.YIL097W,4932.YIL017C,998
p02406,p40212,0.64,0.65,0.5963396926928712,0.6061193892258134,4932.YGL103W,4932.YMR142C,921
p48237,q03799,0.71,0.6900000000000001,0.6069835531657448,0.5867255877167782,4932.YGR150C,4932.YMR158W,900
p05750,p41058,0.65,0.666,0.612827417818093,0.6286112308685218,4932.YNL178W,4932.YDL061C,996
p53738,q12463,0.79,0.7860000000000001,0.7231735548912617,0.7189385523101824,4932.YNR046W,4932.YOL124C,993
p22354,p36516,0.7,0.708,0.6315896711777209,0.6393536636087795,4932.YKR085C,4932.YMR024W,829
q12146,q12488,0.66,0.6580000000000001,0.6100977134133735,0.6078734493566855,4932.YOL146W,4932.YDR013W,999
p46682,q00776,0.7,0.7,0.5794851464331192,0.5792160780943242,4932.YGR261C,4932.YPL259C,720
p00420,p04037,0.66,0.6719999999999999,0.6076758569452702,0.6194500561997877,4932.Q0275,4932.YGL187C,999
p32598,q12276,0.79,0.784,0.6532063565667255,0.6469269591955114,4932.YER133W,4932.YOR227W,647
p17883,q02793,0.84,0.8480000000000001,0.6884633081731081,0.6961745562106705,4932.YPR189W,4932.YGL213C,999
p47111,q12016,0.61,0.606,0.5692690551058003,0.5650506103444313,4932.YJR044C,4932.YOL129W,973
p0cx23,p38112,0.64,0.638,0.5422669752873914,0.5400123622152797,4932.YMR242C,4932.YBR142W,340
p21771,q03246,0.64,0.636,0.5774844730452023,0.5732522057788321,4932.YDR337W,4932.YMR188C,998
p04051,p20435,0.81,0.806,0.6700049962031995,0.6657235675412536,4932.YOR116C,4932.YPR187W,999
p43132,q03323,0.62,0.624,0.5431337216195006,0.5468923486777127,4932.YLR015W,4932.YDR469W,999
p32366,p32610,0.62,0.626,0.5501198491827027,0.5558829089990424,4932.YLR447C,4932.YEL051W,999
q02159,q07963,0.65,0.6519999999999999,0.48787645358945547,0.4895809841765739,4932.YMR022W,4932.YLR024C,
p19146,p34225,0.66,0.648,0.5679892280100223,0.5557382457565628,4932.YDL137W,4932.YBL060W,567
q02931,q04177,0.64,0.628,0.5042864523351152,0.49200774029397143,4932.YPL126W,4932.YDR398W,999
p42838,q12674,0.79,0.784,0.6262474114580775,0.6199509084039287,4932.YNL323W,4932.YMR162C,663
q04660,q12024,0.73,0.734,0.6105499593873867,0.614281566681585,4932.YMR049C,4932.YOR272W,999
p46985,p50108,0.69,0.69,0.6020767950759568,0.6018284064190169,4932.YJL183W,4932.YDR245W,993
p12687,q04675,0.64,0.646,0.5798596335364076,0.585628873329832,4932.YNL005C,4932.YMR059W,
p06169,p16467,0.8,0.808,0.6896724558659082,0.6974098514627163,4932.YLR044C,4932.YLR134W,949
p32502,p34228,0.64,0.642,0.5048576022575666,0.5065792526159695,4932.YLR291C,4932.YBL066C,
q02197,q03503,0.81,0.812,0.714912094987474,0.7166591602666009,4932.YEL053C,4932.YPR051W,999
p40339,q12050,0.61,0.6,0.500474569720738,0.4902124742656976,4932.YOL094C,4932.YOR144C,961
p00546,p13365,0.75,0.75,0.6572321216679691,0.6569806590240129,4932.YBR160W,4932.YAL040C,998
p20604,p40856,0.82,0.82,0.6942637908402312,0.6939914095063282,4932.YDL047W,4932.YJL098W,997
p08518,p29055,0.73,0.7380000000000001,0.5925840467679342,0.6003042545357913,4932.YOR151C,4932.YPR086W,992
p32074,p40994,0.7,0.7060000000000001,0.5902067205577286,0.5959444551500868,4932.YNL287W,4932.YOR094W,
p25648,p47821,0.72,0.724,0.5726411300522154,0.5763550289537538,4932.YCR081W,4932.YNL025C,999
p40850,p53297,0.68,0.688,0.5435467243772469,0.5512675429723409,4932.YNL085W,4932.YGR178C,494
p39073,p47821,0.74,0.7360000000000001,0.6472321216679691,0.642980659024013,4932.YPL042C,4932.YNL025C,999
p48240,q12149,0.66,0.65,0.5595290071074872,0.5492726567709767,4932.YGR158C,4932.YOR001W,999
p11433,p19073,0.82,0.8160000000000001,0.7151730289436753,0.7109139147014912,4932.YAL041W,4932.YLR229C,925
p07560,q08484,0.62,0.616,0.5292097277185133,0.524959519882634,4932.YFL005W,4932.YOR070C,457
p32363,p34218,0.61,0.614,0.4895475866347715,0.49327855791482234,4932.YPL175W,4932.YBL052C,
p22082,q05123,0.78,0.78,0.6113886620808084,0.6110890761083196,4932.YOR290C,4932.YMR033W,998
p48563,q03786,0.66,0.674,0.5084633081731081,0.5221745562106704,4932.YNL297C,4932.YDR248C,
p38251,p49956,0.74,0.748,0.6317534708838326,0.6394921869025985,4932.YBR087W,4932.YMR078C,988
p32345,p53036,0.72,0.718,0.6096724558659081,0.6074098514627162,4932.YDR075W,4932.YGL229C,
p06780,p51862,0.77,0.768,0.6328100880733574,0.6305304392663702,4932.YPR165W,4932.YLR371W,845
p00427,q06179,0.62,0.6180000000000001,0.42407736236019117,0.421760447132731,4932.YHR051W,4932.YLR454W,
p31412,p37296,0.64,0.636,0.5196100511748407,0.5153410620891804,4932.YKL080W,4932.YMR054W,998
p01123,q12500,0.65,0.6399999999999999,0.5504596259875519,0.5402038661367383,4932.YFL038C,4932.YLR114C,
p25443,q3e754,0.7,0.708,0.6571833600691719,0.6649635919163329,4932.YGL123W,4932.YJL136C,998
p10964,p40554,0.84,0.8400000000000001,0.6919472534488615,0.691660712079717,4932.YOR341W,4932.YIL008W,
p38276,q12680,0.75,0.752,0.574120155526577,0.5758159576240581,4932.YBR137W,4932.YDL171C,
p0cx23,q12213,0.67,0.662,0.6185490946735503,0.6103238480049299,4932.YMR242C,4932.YPL198W,873
q3e829,q3e835,0.64,0.634,0.6214670398568674,0.6152626799080682,4932.YDL160C-A,4932.YOL086W-A,998
p12904,q04739,0.68,0.672,0.5981777142018379,0.5899331966306454,4932.YGL115W,4932.YER027C,999
p0c0v8,p25443,0.73,0.736,0.6871833600691719,0.6929635919163329,4932.YKR057W,4932.YGL123W,993
p14905,p38787,0.67,0.6719999999999999,0.5858143062047313,0.5875682890308027,4932.YDR197W,4932.YHR063C,
p40204,q12330,0.61,0.604,0.5912957228411945,0.5850912541902729,4932.YFL017W-A,4932.YOR159C,999
p0c2h6,p39985,0.64,0.622,0.5275541444409035,0.5092901959508623,4932.YHR010W,4932.YEL055C,
p06700,p11978,0.67,0.662,0.5137611970629079,0.50546946157046,4932.YDL042C,4932.YDR227W,999
q05636,q08285,0.69,0.698,0.6253546804308122,0.6331210617926791,4932.YDR280W,4932.YOL142W,999
p16140,p22203,0.63,0.6340000000000001,0.5472758824496553,0.5510307926584465,4932.YBR127C,4932.YOR332W,999
p00635,p24031,0.69,0.688,0.5930697771633714,0.5908156734759665,4932.YBR093C,4932.YBR092C,900
p41911,q00055,0.69,0.7,0.6008291604482762,0.6105799801564161,4932.YOL059W,4932.YDL022W,900
p38116,p48563,0.78,0.782,0.6289870897468092,0.6306986701282926,4932.YBR164C,4932.YNL297C,600
p38116,q06836,0.69,0.688,0.5618628450764118,0.5595889403217364,4932.YBR164C,4932.YPR095C,524
p38149,p53871,0.73,0.726,0.6125738751341676,0.6083067666203441,4932.YBR281C,4932.YNL191W,992
p10964,q3e7y3,0.84,0.842,0.6903028775313154,0.6920152927914841,4932.YOR341W,4932.YLR367W,
p0c0v8,p32905,0.72,0.72,0.6774259949485654,0.6772063807496478,4932.YKR057W,4932.YGR214W,993
p36132,p53323,0.68,0.672,0.6059998080405523,0.5977602536552913,4932.YKR038C,4932.YGR262C,999
p13517,p28495,0.72,0.716,0.6544008188273831,0.6501665949558446,4932.YIL034C,4932.YKL007W,991
p38631,p38809,0.64,0.65,0.4679593546037329,0.47765759270610486,4932.YLR342W,4932.YHR097C,
p21827,p32835,0.65,0.648,0.571345949201939,0.5691034419031499,4932.YGL097W,4932.YLR293C,869
p00401,q03868,0.7,0.708,0.5510967540029126,0.5588096729845422,4932.Q0045,4932.YDR104C,
p53135,q08032,0.6,0.6,0.4773764611662745,0.47710605484851043,4932.YGL113W,4932.YLR103C,884
p29704,q12674,0.61,0.606,0.44477769600649997,0.440480260405235,4932.YHR190W,4932.YMR162C,
p05750,q08745,0.7,0.706,0.6567002156111412,0.6624801408989811,4932.YNL178W,4932.YOR293W,998
p14127,p38011,0.67,0.654,0.6143675025007126,0.5981396025758323,4932.YDR447C,4932.YMR116C,998
p15732,p33202,0.75,0.75,0.6091165640515004,0.6088345716717001,4932.YDR059C,4932.YKL010C,
p38353,p47170,0.64,0.628,0.4760508368621604,0.46375420907973697,4932.YBR283C,4932.YJR138W,
p53323,q03705,0.7,0.7,0.645740708705599,0.6455136800918864,4932.YGR262C,4932.YML036W,999
p34111,q12308,0.71,0.708,0.5627481087566072,0.5604620755370552,4932.YAL001C,4932.YPL007C,994
p36516,p36523,0.68,0.678,0.6063521325705031,0.6041128017381918,4932.YMR024W,4932.YLR312W-A,879
p36149,q99394,0.7,0.6960000000000001,0.643740335692666,0.6395120378250427,4932.YKR068C,4932.YOR115C,999
p08518,p40422,0.7,0.6880000000000001,0.5788620768027989,0.5665926131209555,4932.YOR151C,4932.YHR143W-A,998
o13547,p15703,0.69,0.696,0.6247813238212641,0.6305473413834225,4932.YLR390W-A,4932.YGR282C,465
p49957,p53738,0.74,0.732,0.6887687129544674,0.6805436056355383,4932.YML014W,4932.YNR046W,958
p32568,q03759,0.68,0.6799999999999999,0.5405066738999927,0.5402255635568675,4932.YDR011W,4932.YML108W,
p19414,q12497,0.67,0.674,0.5777616402778113,0.581510513617975,4932.YLR304C,4932.YDR070C,
p12945,q08689,0.8,0.794,0.6962147759678086,0.6899563227230864,4932.YDL040C,4932.YOR253W,999
p05737,p0cx23,0.63,0.636,0.5785490946735503,0.5843238480049299,4932.YGL076C,4932.YMR242C,953
p36519,p36528,0.7,0.6940000000000001,0.6327052750659645,0.6264699753573016,4932.YDR237W,4932.YNL252C,829
p04051,p29056,0.61,0.618,0.4469369225738531,0.4546408570204478,4932.YOR116C,4932.YGR246C,968
p23594,p31383,0.7,0.698,0.598038604340471,0.5957813083305643,4932.YDL134C,4932.YAL016W,999
p07560,p22224,0.64,0.628,0.5297391349285925,0.5174765728338404,4932.YFL005W,4932.YGL233W,992
o13585,p38555,0.68,0.676,0.5706757723116134,0.5664138045213504,4932.YPR089W,4932.YER031C,
p05748,p17076,0.7,0.7060000000000001,0.6438445788296142,0.6496163471051594,4932.YLR029C,4932.YHL033C,936
p32387,p36517,0.6,0.61,0.5318674911147282,0.5416316598249304,4932.YDR405W,4932.YLR439W,987
p06779,p31244,0.6,0.6,0.4751123910623081,0.47484054817255705,4932.YJR052W,4932.YBR114W,998
p32835,p52918,0.65,0.65,0.5198487076699808,0.5195735249277684,4932.YLR293C,4932.YDR335W,977
p09734,p39937,0.65,0.6479999999999999,0.5509633121826294,0.5487078719250461,4932.YML124C,4932.YER007W,
p22139,p22276,0.88,0.8800000000000001,0.763595666513465,0.763329206335075,4932.YOR210W,4932.YOR207C,999
p32345,p38314,0.68,0.68,0.5905191330835237,0.5902697560766297,4932.YDR075W,4932.YBR214W,
p49687,q04491,0.85,0.8480000000000001,0.7100606690213451,0.707779275684282,4932.YGL092W,4932.YLR208W,999
p23255,p46677,0.63,0.626,0.44731354303205545,0.4430050262752669,4932.YCR042C,4932.YGR274C,994
p47150,q01163,0.71,0.708,0.6316843910618899,0.6294420985073766,4932.YJR113C,4932.YGL129C,999
p05756,p38711,0.67,0.67,0.6415083030975646,0.6412976242444928,4932.YDR064W,4932.YHR021C,995
p60010,q06116,0.88,0.8800000000000001,0.6803702686847146,0.6800510012743791,4932.YFL039C,4932.YPR117W,
p52593,q02784,0.63,0.6,0.4797228087510881,0.4494348559526182,4932.YML103C,4932.YPL059W,
p49089,p49090,0.66,0.672,0.5484772568880888,0.5602138941208483,4932.YPR145W,4932.YGR124W,954
p05745,q02892,0.64,0.6380000000000001,0.5575211769412223,0.5552762427914817,4932.YMR194W,4932.YPL093W,896
q04601,q08683,0.77,0.77,0.6462099165826921,0.6459387700823395,4932.YDR118W,4932.YOR249C,998
p04051,p20434,0.92,0.9179999999999999,0.7766956013889906,0.774412072887523,4932.YOR116C,4932.YBR154C,999
p32597,q05123,0.73,0.74,0.5786202919681038,0.5883316396132365,4932.YIL126W,4932.YMR033W,997
p00729,p38845,0.61,0.6039999999999999,0.5085336581229478,0.502276676228931,4932.YMR297W,4932.YHR146W,629
p53378,p53540,0.83,0.8299999999999998,0.7073148552862182,0.7070444098789923,4932.YLR212C,4932.YNL126W,999
p40360,q01217,0.61,0.612,0.480202405556853,0.48192744723899705,4932.YJL071W,4932.YER069W,292
p11484,p38260,0.61,0.6,0.5153580078213282,0.5051053560359899,4932.YDL229W,4932.YBR101C,521
q03780,q12275,0.61,0.6,0.4290295213536028,0.4187220933998431,4932.YDR239C,4932.YOR093C,
p20433,p34087,0.72,0.728,0.6712204440750407,0.6789968924006303,4932.YJL140W,4932.YDR404C,999
p38123,p39706,0.76,0.7619999999999999,0.6780132480768137,0.6797686261504479,4932.YBR175W,4932.YAR003W,999
q02892,q12522,0.76,0.76,0.6661793794931912,0.6659272488752552,4932.YPL093W,4932.YPR016C,999
q04767,q07830,0.63,0.6359999999999999,0.515854477541952,0.5215894505986199,4932.YMR071C,4932.YLL031C,
p22138,p22139,0.9,0.8959999999999999,0.7801733319822826,0.7759047003031473,4932.YPR010C,4932.YOR210W,999
p38164,q04491,0.78,0.7779999999999999,0.6563323187259141,0.6540612498907757,4932.YBL104C,4932.YLR208W,999
p06367,p39939,0.61,0.622,0.5782169776600707,0.5900042104326526,4932.YCR031C,4932.YER131W,996
p16467,q07471,0.83,0.828,0.7166365954579439,0.7143720647751679,4932.YLR134W,4932.YDL080C,900
p16370,p22138,0.78,0.78,0.6453158682859609,0.645037809418107,4932.YIL021W,4932.YPR010C,543
p23287,p53314,0.63,0.6159999999999999,0.5438919271955456,0.5296446902555736,4932.YLR433C,4932.YGR247W,
p36516,q06090,0.76,0.7559999999999999,0.6968020346130637,0.6925693343336287,4932.YMR024W,4932.YPR100W,963
p32386,p35181,0.64,0.648,0.48909201868977126,0.496803665649573,4932.YLL048C,4932.YLR170C,
p26725,q04080,0.67,0.666,0.5710354165998072,0.5667800220930979,4932.YJL139C,4932.YDR434W,359
p06169,q06408,0.83,0.8240000000000001,0.7149469992280222,0.7086813964818819,4932.YLR044C,4932.YDR380W,
q02354,q04500,0.66,0.652,0.5360876059551297,0.52781638184763,4932.YDR449C,4932.YML093W,998
p17157,p20438,0.65,0.65,0.5593630931623538,0.55911298263817,4932.YPL031C,4932.YPL256C,195
p17505,p32419,0.79,0.79,0.7133913589670201,0.713150149498349,4932.YKL085W,4932.YDL078C,918
p32939,p39958,0.62,0.636,0.544949319149729,0.5607090982202164,4932.YML001W,4932.YER136W,838
o14455,p54780,0.61,0.6079999999999999,0.5717941777568478,0.5695773352075558,4932.YPL249C-A,4932.YMR121C,873
p38428,q02159,0.67,0.674,0.6239748999863722,0.6277530960379685,4932.YMR264W,4932.YMR022W,999
p36156,p48239,0.71,0.7139999999999999,0.629252213256764,0.633008377464479,4932.YKR076W,4932.YGR154C,
p47116,q12308,0.62,0.6180000000000001,0.49204172406878877,0.4897679328143753,4932.YJR059W,4932.YPL007C,
p07703,p22139,0.79,0.784,0.7397636241948492,0.7335391481556737,4932.YPR110C,4932.YOR210W,999
p38353,p52871,0.71,0.712,0.6422390339280707,0.644003438385389,4932.YBR283C,4932.YER019C-A,998
p48240,q12277,0.78,0.79,0.7182700192920207,0.7280382504615119,4932.YGR158C,4932.YDL111C,999
p40957,p40958,0.65,0.658,0.5522669752873914,0.5600123622152797,4932.YGL086W,4932.YJL030W,990
p04051,p28000,0.72,0.718,0.5807300929078912,0.5784491243260514,4932.YOR116C,4932.YNL113W,999
p39110,q06116,0.61,0.606,0.4181891254544109,0.4138748191760585,4932.YMR138W,4932.YPR117W,
p26321,q02753,0.64,0.638,0.5841579899420781,0.5819299570796743,4932.YPL131W,4932.YBR191W,983
p36018,p51862,0.61,0.604,0.47140202873043235,0.465121486497661,4932.YKR014C,4932.YLR371W,
p39076,p39078,0.63,0.642,0.5244826797742268,0.5362231274995469,4932.YIL142W,4932.YDL143W,999
p36527,q06678,0.67,0.67,0.6083686403340437,0.6081369340794357,4932.YDR462W,4932.YDR322W,967
p32486,p38631,0.65,0.65,0.46184775028691677,0.46153576543754127,4932.YPR159W,4932.YLR342W,
p21801,p33421,0.66,0.6580000000000001,0.6034282828217898,0.6011997869539315,4932.YLL041C,4932.YKL141W,989
p53949,q06337,0.63,0.6100000000000001,0.5161798760891609,0.49591505561401084,4932.YNL056W,4932.YDR359C,
p47170,q00582,0.77,0.774,0.6150930698623236,0.6188021794546416,4932.YJR138W,4932.YML121W,637
p38065,q00381,0.87,0.8699999999999999,0.7566365954579439,0.7563720647751678,4932.YBL037W,4932.YJR058C,996
p07866,p19073,0.68,0.68,0.5393937291081282,0.5391119125919441,4932.YAL024C,4932.YLR229C,
p39923,p47170,0.65,0.658,0.48000067127139245,0.487700204606777,4932.YEL062W,4932.YJR138W,999
p02406,q12690,0.66,0.664,0.6163396926928713,0.6201193892258134,4932.YGL103W,4932.YDL082W,960
q06504,q12387,0.8,0.8019999999999999,0.6989593749120595,0.7007026631390132,4932.YPR131C,4932.YOL076W,999
p07260,p39935,0.72,0.726,0.6070946807985267,0.6128304407748459,4932.YOL139C,4932.YGR162W,999
p00410,q01519,0.68,0.686,0.6380357321481199,0.6438165048327086,4932.Q0250,4932.YLR038C,999
p20604,p36123,0.83,0.8299999999999998,0.7057822284240468,0.7055108105518726,4932.YDL047W,4932.YKR028W,996
q03433,q12509,0.62,0.628,0.5399182302032043,0.54767481700441,4932.YML041C,4932.YLR085C,999
p38182,p53867,0.76,0.762,0.6892111301821741,0.6909736134084788,4932.YBL078C,4932.YNL223W,900
p10662,p40496,0.63,0.638,0.5615896711777211,0.5693536636087796,4932.YDR347W,4932.YIL093C,996
p32836,q06142,0.64,0.634,0.5327029339170615,0.5264422523783019,4932.YOR185C,4932.YLR347C,626
p39988,p53727,0.77,0.772,0.6975939801054893,0.699355437236138,4932.YEL029C,4932.YNR027W,945
p30771,q12129,0.78,0.7719999999999999,0.6655297653470613,0.6572645323710441,4932.YMR080C,4932.YLR363C,516
p15732,p54860,0.64,0.644,0.5308100583233443,0.5345481757387126,4932.YDR059C,4932.YDL190C,244
p25656,q12675,0.85,0.85,0.6895687222143397,0.6892743265604805,4932.YCR094W,4932.YDR093W,458
p13298,p30402,0.73,0.74,0.6745774760347453,0.6843497093398813,4932.YML106W,4932.YMR271C,952
q00381,q08951,0.82,0.818,0.7128390722379228,0.7105784770801007,4932.YJR058C,4932.YPL195W,827
p40693,p53261,0.64,0.6380000000000001,0.5435831144900338,0.5413293365195855,4932.YNL002C,4932.YGR103W,996
p25611,p52960,0.69,0.692,0.5385156217899221,0.540226903020925,4932.YCR106W,4932.YOR363C,
p07560,p32864,0.6,0.604,0.5118419369621657,0.5155933992857292,4932.YFL005W,4932.YOR370C,905
p15732,p53119,0.61,0.618,0.5042762136341307,0.5120165303549062,4932.YDR059C,4932.YGL141W,292
p39079,p47079,0.65,0.64,0.540474569720738,0.5302124742656976,4932.YDR188W,4932.YJL008C,998
p19073,p38041,0.74,0.742,0.6267019523043744,0.6284374630910806,4932.YLR229C,4932.YBL085W,468
p47086,p53280,0.7,0.704,0.5734195187185136,0.5771466016866756,4932.YJR011C,4932.YGR134W,705
p38696,q06179,0.86,0.86,0.6542617980226484,0.6539386547350505,4932.YHR129C,4932.YLR454W,
p33750,p40055,0.71,0.708,0.6053114945849467,0.6030524682004049,4932.YLL011W,4932.YER082C,997
p20604,p40454,0.69,0.688,0.61109275103154,0.6088500830763304,4932.YDL047W,4932.YIL153W,922
q02939,q3e7c1,0.68,0.6719999999999999,0.6115896711777211,0.6033536636087795,4932.YPL122C,4932.YDR079C-A,998
p04801,p07236,0.64,0.63,0.5250763131201928,0.514810792424831,4932.YIL078W,4932.YKL194C,900
p33767,p39007,0.75,0.75,0.638212936859217,0.637949406378641,4932.YEL002C,4932.YGL022W,999
p20795,q03308,0.74,0.746,0.6071610965128788,0.6128842084582322,4932.YLR396C,4932.YPL045W,999
q03162,q07963,0.74,0.74,0.5564604979322181,0.5561514399109643,4932.YMR100W,4932.YLR024C,945
p32387,p36526,0.66,0.6580000000000001,0.6093200908018246,0.60709533333689,4932.YDR405W,4932.YBR282W,973
p25382,p40078,0.61,0.61,0.5251702184841825,0.5249237926310464,4932.YCR072C,4932.YER126C,957
p06787,q12280,0.78,0.768,0.6385082924810933,0.6262259141477409,4932.YBR109C,4932.YPL242C,720
p28005,p41812,0.61,0.606,0.5049655786876565,0.5007063328164976,4932.YAL033W,4932.YNL221C,999
p06780,p11433,0.71,0.704,0.6039327528201652,0.5976728516120952,4932.YPR165W,4932.YAL041W,
p17883,p35207,0.75,0.7460000000000001,0.5565099812335474,0.5521946095237205,4932.YPR189W,4932.YLR398C,999
p10964,p38902,0.88,0.882,0.7308317579390742,0.7325445087784181,4932.YOR341W,4932.YOL005C,
p40032,q08421,0.61,0.6100000000000001,0.5044138251490317,0.504154229185499,4932.YER049W,4932.YOR051C,589
p14736,q04231,0.75,0.752,0.6532895425038082,0.6550355782594053,4932.YER162C,4932.YML011C,942
p16664,p40395,0.69,0.69,0.5443062330484637,0.5440211884721988,4932.YDR137W,4932.YLR039C,956
p32773,p32774,0.69,0.6980000000000001,0.6394307700692985,0.6472060828313128,4932.YOR194C,4932.YKL058W,999
p23059,p25045,0.6,0.608,0.5260877868322524,0.5338482882702927,4932.YCR020C-A,4932.YMR296C,
p22276,p40422,0.73,0.734,0.613595666513465,0.6173292063350748,4932.YOR207C,4932.YHR143W-A,999
p10964,p20434,0.92,0.916,0.7658656186894933,0.7615752184706981,4932.YOR341W,4932.YBR154C,999
o13585,q02793,0.66,0.646,0.5394227305414568,0.5251536225992408,4932.YPR089W,4932.YGL213C,
p25385,p53953,0.63,0.626,0.5200729756606192,0.5158106253906878,4932.YLR078C,4932.YNL049C,499
p36516,p53881,0.6,0.61,0.5215150490867143,0.5312726490832589,4932.YMR024W,4932.YNL177C,963
p33767,q02795,0.6,0.6020000000000001,0.5200853133894744,0.5218420062064013,4932.YEL002C,4932.YMR149W,999
p22515,p32657,0.63,0.626,0.44646049793221804,0.4421514399109643,4932.YKL210W,4932.YER164W,
p23642,p39107,0.7,0.6859999999999999,0.6033628762805698,0.58910895856708,4932.YML115C,4932.YPL050C,988
p08518,p28000,0.61,0.606,0.48444526712419145,0.4801730009385541,4932.YOR151C,4932.YNL113W,575
p38116,p47102,0.62,0.61,0.4813459374448571,0.4710653596216818,4932.YBR164C,4932.YJR031C,
p40467,q12244,0.62,0.624,0.4696175317840892,0.4733295121864768,4932.YIL130W,4932.YLL054C,
p34232,q99257,0.74,0.736,0.6546093599921897,0.6503625782695084,4932.YKL186C,4932.YPL169C,999
p11076,p34225,0.64,0.644,0.5479892280100223,0.5517382457565628,4932.YDL192W,4932.YBL060W,567
q05902,q06005,0.65,0.6279999999999999,0.5491727165894656,0.5269161401835517,4932.YLR299W,4932.YLR239C,
p43568,p53037,0.61,0.602,0.4761783772248354,0.46790086562633404,4932.YFL029C,4932.YGR170W,
p22007,q00618,0.73,0.73,0.6466241519176619,0.6463786485978154,4932.YDL090C,4932.YJL031C,
p08964,p60010,0.61,0.6119999999999999,0.4350968256129771,0.4367932474160424,4932.YHR023W,4932.YFL039C,981
p05748,p29453,0.71,0.708,0.6538445788296142,0.6516163471051593,4932.YLR029C,4932.YLL045C,873
p07143,q08023,0.6,0.602,0.5061793794931913,0.5079272488752552,4932.YOR065W,4932.YLR077W,
p53201,p80428,0.65,0.654,0.5508192155731005,0.5545636838849771,4932.YGR002C,4932.YJL081C,998
p26263,q07471,0.83,0.834,0.7166365954579439,0.7203720647751679,4932.YGR087C,4932.YDL080C,900
p40515,p47025,0.61,0.618,0.517913321795793,0.5256622913791866,4932.YIL065C,4932.YJL112W,994
p60010,q05471,0.73,0.728,0.5753502451010096,0.5730595178732323,4932.YFL039C,4932.YDR334W,996
p00546,p47821,0.61,0.61,0.5383098175749658,0.538071728910656,4932.YBR160W,4932.YNL025C,542
p37296,p38260,0.62,0.6,0.5061147412624034,0.48584987945864433,4932.YMR054W,4932.YBR101C,
p26783,q3e7x9,0.7,0.6880000000000001,0.6633492742777364,0.6511334184505849,4932.YJR123W,4932.YOR167C,998
p19263,p47822,0.62,0.614,0.5034035721286295,0.49713699006469725,4932.YLR071C,4932.YDR308C,999
p46654,q3e754,0.74,0.7460000000000001,0.6974259949485654,0.7032063807496479,4932.YLR048W,4932.YJL136C,991
p19454,q06070,0.66,0.6620000000000001,0.5932674578625399,0.595032514863705,4932.YOR061W,4932.YLR407W,595
p25656,q12674,0.81,0.8100000000000002,0.6473814199843132,0.6470856364683445,4932.YCR094W,4932.YMR162C,722
p28241,p28834,0.78,0.77,0.6990034036115834,0.6887594099474351,4932.YOR136W,4932.YNL037C,999
p04050,p40554,0.63,0.622,0.47830645307100006,0.4700176015826487,4932.YDL140C,4932.YIL008W,
p01123,p39958,0.73,0.732,0.6551237323694875,0.6568836221066654,4932.YFL038C,4932.YER136W,992
p38182,p53104,0.59,0.606,0.4873343687408603,0.5030766258873983,4932.YBL078C,4932.YGL180W,861
p32486,q04952,0.7,0.7,0.5158787079109393,0.5155692807389046,4932.YPR159W,4932.YMR306W,
p17157,p24871,0.65,0.652,0.5660567034099693,0.5678108400391559,4932.YPL031C,4932.YLR210W,247
p33322,q6q547,0.79,0.792,0.7257386731927576,0.7275052982013402,4932.YLR175W,4932.YHR072W-A,999
p40482,q04182,0.62,0.6,0.438124719050733,0.4178167169921169,4932.YIL109C,4932.YDR406W,
p11076,q06836,0.73,0.7260000000000001,0.6019820765525838,0.5977082474513074,4932.YDL192W,4932.YPR095C,680
p38751,q12318,0.66,0.66,0.6112204440750407,0.6109968924006304,4932.YHL006C,4932.YLR376C,999
p29468,p35728,0.62,0.6180000000000001,0.5176860503173988,0.5154285306089271,4932.YKR002W,4932.YKL059C,978
p15303,p48415,0.65,0.6340000000000001,0.4462672302941919,0.4299453594706481,4932.YPR181C,4932.YPL085W,829
p18851,p18852,0.66,0.66,0.5965109412672438,0.5962780562865732,4932.YOR212W,4932.YJR086W,999
p38632,q08204,0.69,0.7,0.5648088185152143,0.5745367830060667,4932.YEL019C,4932.YOL034W,999
p26309,p40958,0.74,0.7380000000000001,0.6527839749600096,0.650536035014799,4932.YGL116W,4932.YJL030W,985
q12074,q12455,0.75,0.746,0.680852281475057,0.6766158060259964,4932.YPR069C,4932.YLR146C,614
p31382,p42934,0.63,0.624,0.49548802865329783,0.4892100790226802,4932.YAL023C,4932.YGR199W,
p36039,p47133,0.69,0.688,0.6253546804308122,0.6231210617926791,4932.YKL207W,4932.YJR088C,999
p00817,p28239,0.64,0.6479999999999999,0.5704854518963359,0.5782487436907471,4932.YBR011C,4932.YMR267W,953
p25580,p47088,0.75,0.752,0.661763746657813,0.6635151593689548,4932.YCL052C,4932.YJR013W,937
q06164,q06211,0.64,0.636,0.4404957013778999,0.43617651355568876,4932.YLR320W,4932.YPR164W,996
p22138,q06543,0.75,0.752,0.6179746148942544,0.6196982430240296,4932.YPR010C,4932.YLR243W,
p48164,q3e7y3,0.74,0.7380000000000001,0.6997677057392252,0.6975495773759792,4932.YNL096C,4932.YLR367W,936
p40433,q06137,0.64,0.636,0.5162711062020056,0.5119999985269935,4932.YIL107C,4932.YLR345W,
q02890,q03735,0.61,0.612,0.47669794541483185,0.4784207634868234,4932.YPL096W,4932.YML117W,
p12904,p32578,0.69,0.6940000000000001,0.5789409313020042,0.5826778627401743,4932.YGL115W,4932.YDR422C,999
p32363,p46961,0.65,0.652,0.5687551053958673,0.5705109541843618,4932.YPL175W,4932.YPL076W,967
p32609,p38932,0.65,0.658,0.5419564139363438,0.5496952587242249,4932.YDR323C,4932.YGL095C,998
p40537,q12306,0.68,0.6839999999999999,0.5690736716944411,0.5728106873575336,4932.YIL031W,4932.YDR510W,884
p32259,p42937,0.67,0.668,0.5599393501253813,0.5576769150688965,4932.YNL236W,4932.YGR203W,
p47064,q12028,0.73,0.732,0.6264938541366423,0.6282355779694225,4932.YJL024C,4932.YPR029C,764
p38764,p40327,0.61,0.602,0.4806159876627234,0.4723412917662768,4932.YHR027C,4932.YDL007W,999
p10962,p38061,0.71,0.702,0.656381304009657,0.6481546818591839,4932.YAL025C,4932.YBL092W,949
p38241,q12046,0.63,0.626,0.5511770903722495,0.546934475931078,4932.YBR065C,4932.YDL209C,990
p32835,q06142,0.63,0.63,0.5227709873207395,0.522510348962451,4932.YLR293C,4932.YLR347C,980
p06780,p41832,0.75,0.736,0.5817731858327284,0.5674738438438731,4932.YPR165W,4932.YNL271C,752
p06781,p07866,0.68,0.692,0.539338262041795,0.5510564103312793,4932.YNL090W,4932.YAL024C,
p32838,p38796,0.62,0.616,0.5358143062047312,0.5315682890308029,4932.YNR032W,4932.YHR075C,
p22276,p29056,0.66,0.664,0.512908691630109,0.5166227603017737,4932.YOR207C,4932.YGR246C,971
p12687,q06678,0.79,0.784,0.7082600307215167,0.7020155653808651,4932.YNL005C,4932.YDR322W,967
p38265,p38907,0.62,0.626,0.5411770903722495,0.546934475931078,4932.YBR107C,4932.YDR254W,999
p38334,p46944,0.64,0.644,0.5476101328064937,0.5513589100138616,4932.YBR254C,4932.YDR108W,999
p40066,q02630,0.83,0.8299999999999998,0.697799965609934,0.6975234829232335,4932.YER107C,4932.YMR047C,996
p21951,p36122,0.64,0.636,0.43528292263349844,0.4309604272582636,4932.YNL262W,4932.YKR027W,
p38700,p41912,0.63,0.6,0.5399783667105125,0.5097286465826958,4932.YHL019C,4932.YOL110W,
p53276,q02931,0.68,0.686,0.5403392921761017,0.5460580756278306,4932.YGR128C,4932.YPL126W,999
p38316,q12380,0.61,0.602,0.551780777578571,0.5435512363544418,4932.YBR217W,4932.YPL149W,999
p39112,p60010,0.64,0.62,0.5157822284240469,0.49551081055187274,4932.YMR287C,4932.YFL039C,
p39076,p40413,0.64,0.65,0.5321596359487721,0.541898609682771,4932.YIL142W,4932.YJR064W,999
o60200,q05776,0.65,0.658,0.6175213016399009,0.6253080930000544,4932.YKL053C-A,4932.YLR193C,999
p39110,p48563,0.61,0.608,0.45856794971767034,0.4562792641511942,4932.YMR138W,4932.YNL297C,
p36000,p38700,0.72,0.7060000000000001,0.5965773983830298,0.5823064850530456,4932.YKL135C,4932.YHL019C,932
p33329,p37262,0.64,0.624,0.5365637086394317,0.5203054767954958,4932.YDR436W,4932.YCR073W-A,
p33204,p38328,0.65,0.6479999999999999,0.5844008188273832,0.5821665949558446,4932.YKL013C,4932.YBR234C,999
p32461,p40487,0.68,0.682,0.5812519550019436,0.5829966978907161,4932.YKL191W,4932.YIL103W,980
p25337,p33334,0.89,0.89,0.7029921421078755,0.7026808833849698,4932.YCR063W,4932.YHR165C,972
p32496,p32565,0.6,0.612,0.483595666513465,0.4953292063350748,4932.YFR052W,4932.YIL075C,999
p40963,q04003,0.66,0.6519999999999999,0.571763746657813,0.5635151593689547,4932.YMR127C,4932.YDR181C,990
p07703,p28000,0.68,0.678,0.6220875688804437,0.6198582223180387,4932.YPR110C,4932.YNL113W,999
p32602,p47054,0.64,0.624,0.48097316986063754,0.46467966534090976,4932.YBL050W,4932.YJL039C,
p19073,q06407,0.64,0.6500000000000001,0.5248177932323556,0.5345521085038978,4932.YLR229C,4932.YDR379W,591
p33750,q04500,0.74,0.744,0.6131190293290847,0.6168459216341403,4932.YLL011W,4932.YML093W,997
p17157,p40186,0.67,0.666,0.6011282162616092,0.5968919158955479,4932.YPL031C,4932.YIL050W,589
p25649,q12433,0.72,0.728,0.6419388602272126,0.6496967291355772,4932.YCR082W,4932.YOR023C,930
p53256,q05636,0.73,0.726,0.66699655475548,0.6627639779007514,4932.YGR095C,4932.YDR280W,999
p41543,q12675,0.72,0.71,0.5553643142677367,0.5450672508808125,4932.YJL002C,4932.YDR093W,
p33893,q03557,0.76,0.758,0.6579680234280803,0.6557106826339766,4932.YBL080C,4932.YMR293C,998
p53538,q01329,0.82,0.82,0.7189593749120595,0.7187026631390132,4932.YNL222W,4932.YAL043C,998
p27351,q99186,0.74,0.742,0.6254000716774575,0.6271347564096896,4932.YJR005W,4932.YOL062C,991
p06100,p25655,0.61,0.6199999999999999,0.43528336216642194,0.44497990232853757,4932.YDL165W,4932.YCR093W,999
p15732,q07963,0.65,0.6300000000000001,0.48872080764517234,0.46842587398221386,4932.YDR059C,4932.YLR024C,
p53063,q02792,0.76,0.766,0.6328190806812788,0.6385457826663332,4932.YGL246C,4932.YOR048C,997
p38875,p46674,0.65,0.644,0.49422120354988475,0.487929759935516,4932.YHR188C,4932.YDR159W,
p33767,p46964,0.75,0.75,0.6839271106461134,0.6836925862026528,4932.YEL002C,4932.YOR103C,999
p32585,p34162,0.74,0.7360000000000001,0.6780730640364894,0.6738411702361743,4932.YGR104C,4932.YHR041C,999
p38427,q00764,0.79,0.792,0.6512338077318457,0.6529531587614015,4932.YML100W,4932.YBR126C,922
p32836,p52918,0.65,0.6519999999999999,0.519789829563096,0.5215146094622175,4932.YOR185C,4932.YDR335W,943
p53217,q03640,0.72,0.724,0.568777404773269,0.5724888521078301,4932.YGR026W,4932.YML072C,564
p25635,p40055,0.63,0.628,0.4978581623270404,0.49558171656665845,4932.YCR057C,4932.YER082C,997
p18562,p27515,0.79,0.788,0.7100017426674609,0.7077583824580447,4932.YHR128W,4932.YNR012W,575
p15436,p46957,0.81,0.808,0.6717389475001931,0.6694586190452839,4932.YDL102W,4932.YJR006W,999
p53847,q12745,0.62,0.624,0.48867499447997115,0.4923990670066276,4932.YNL258C,4932.YLR440C,991
q03818,q12380,0.66,0.6540000000000001,0.6055281442550993,0.5993009807674117,4932.YMR159C,4932.YPL149W,999
p29295,p35169,0.61,0.612,0.40622613805939334,0.4079042411624725,4932.YPL204W,4932.YJR066W,
p32604,p40433,0.6,0.6100000000000001,0.47979759111065495,0.4895287210206998,4932.YJL155C,4932.YIL107C,900
p11075,p40994,0.7,0.702,0.5303348614500437,0.5320346068319758,4932.YDR170C,4932.YOR094W,
p49955,q06835,0.77,0.766,0.6629071887124308,0.6586466367750987,4932.YMR288W,4932.YPR094W,999
p38744,q99207,0.69,0.6719999999999999,0.5933628762805698,0.57510895856708,4932.YHL018W,4932.YDL148C,
p40962,q04693,0.64,0.6420000000000001,0.5012338077318457,0.5029531587614016,4932.YOR077W,4932.YML049C,507
p33204,p53731,0.76,0.756,0.6984673573576842,0.6942357137398782,4932.YKL013C,4932.YNR035C,999
q07913,q08204,0.63,0.6279999999999999,0.5006751533824665,0.49840049502717865,4932.YLR007W,4932.YOL034W,999
p04051,p22138,0.89,0.89,0.6989248819533497,0.6986110425188348,4932.YOR116C,4932.YPR010C,559
p21801,p47052,0.79,0.788,0.6955815197801778,0.693329009815103,4932.YLL041C,4932.YJL045W,988
p07149,q05015,0.72,0.724,0.5464529107128315,0.5501501929635761,4932.YKL182W,4932.YMR222C,
p36149,q03337,0.77,0.77,0.7121900469256423,0.7119607653864397,4932.YKR068C,4932.YDR472W,999
p53336,q04867,0.66,0.6519999999999999,0.5850364926263836,0.5767963270091927,4932.YGR283C,4932.YMR310C,722
q08951,q12680,0.63,0.61,0.42162653614652645,0.4013017207625642,4932.YPL195W,4932.YDL171C,
p38225,p38353,0.61,0.616,0.49748842191953735,0.5032244317279901,4932.YBR041W,4932.YBR283C,
p33329,p36047,0.73,0.728,0.6249655786876565,0.6227063328164977,4932.YDR436W,4932.YKL193C,719
p39524,q3e846,0.61,0.608,0.47890909221421174,0.4766333132778975,4932.YAL026C,4932.YMR244C-A,
p14693,p53969,0.77,0.7639999999999999,0.6822336073671531,0.6759853182089628,4932.YHR083W,4932.YNL026W,999
p36158,p47057,0.62,0.6140000000000001,0.5177564911186417,0.5114990161054653,4932.YKR078W,4932.YJL036W,
p42943,p47079,0.71,0.704,0.6002067205577286,0.5939444551500866,4932.YJL111W,4932.YJL008C,999
p32481,q05791,0.73,0.728,0.6365544040290024,0.6343025113673654,4932.YER025W,4932.YLR215C,694
p04051,p36532,0.64,0.638,0.5028100880733575,0.5005304392663702,4932.YOR116C,4932.YBR268W,
p39012,p41733,0.75,0.752,0.6477564911186418,0.6494990161054652,4932.YLR088W,4932.YLR459W,998
p0c2h7,p39985,0.64,0.638,0.5275541444409035,0.5252901959508623,4932.YDR471W,4932.YEL055C,
p40362,q02931,0.7,0.7,0.5671031346977216,0.5668262098658039,4932.YJL069C,4932.YPL126W,996
p0c2h7,p87262,0.73,0.73,0.6980773026386035,0.6978644467861809,4932.YDR471W,4932.YER056C-A,936
p53314,q04183,0.67,0.6679999999999999,0.534914819840728,0.5326365065041803,4932.YGR247W,4932.YDR407C,
p00546,p24870,0.77,0.77,0.6893352640036787,0.6890914809078084,4932.YBR160W,4932.YDL155W,980
p06704,p46674,0.71,0.712,0.5787334888804544,0.5804575985223119,4932.YOR257W,4932.YDR159W,999
p35181,q12028,0.87,0.8699999999999999,0.7691727165894656,0.7689161401835517,4932.YLR170C,4932.YPR029C,997
p17558,p28778,0.72,0.718,0.6649988182877621,0.6627713189381876,4932.YOR158W,4932.YKL003C,989
p34160,q08920,0.74,0.74,0.63352166434341,0.6332615022961596,4932.YMR125W,4932.YPL178W,999
p32598,p43638,0.79,0.786,0.6447924570172474,0.6405077209542797,4932.YER133W,4932.YJL042W,647
p40359,q03406,0.75,0.752,0.689061690934013,0.6908304244259817,4932.YJL072C,4932.YDR489W,999
p38153,p46682,0.79,0.788,0.6689864976032227,0.666717112867449,4932.YBR288C,4932.YGR261C,999
p37261,q96vh4,0.75,0.75,0.7019009656583824,0.7016778457807796,4932.YCL026C-A,4932.YCL026C-B,
p10964,p20435,0.76,0.758,0.6089870897468092,0.6066986701282926,4932.YOR341W,4932.YPR187W,999
p42883,p43534,0.67,0.678,0.5931337216195006,0.6008923486777128,4932.YNL332W,4932.YFL058W,
q06149,q12172,0.63,0.636,0.4958903989528429,0.5016127046296469,4932.YLR266C,4932.YOR162C,
p06242,p37366,0.7,0.702,0.6215150490867143,0.623272649083259,4932.YDL108W,4932.YPR025C,999
p39976,p46681,0.8,0.8,0.6964938541366423,0.6962355779694226,4932.YEL071W,4932.YDL178W,900
p10591,p38260,0.61,0.6119999999999999,0.513216248100895,0.5149622373505618,4932.YAL005C,4932.YBR101C,713
p36527,p36528,0.64,0.644,0.5872423274864976,0.5910162516628387,4932.YDR462W,4932.YNL252C,987
p52286,q06640,0.6,0.604,0.5238220263669102,0.5275810901604147,4932.YDR328C,4932.YDR306C,667
p38111,q04377,0.81,0.792,0.6000988033904515,0.5817730186468936,4932.YBR136W,4932.YDR499W,999
p40055,p42945,0.69,0.686,0.5251685879961704,0.5208714004192407,4932.YER082C,4932.YJL109C,997
q05029,q12114,0.71,0.708,0.5826992519773656,0.5804258779300748,4932.YMR237W,4932.YLR330W,997
p35996,q03153,0.61,0.614,0.5272758824496553,0.5310307926584463,4932.YKL170W,4932.YMR098C,310
p39713,p39714,0.76,0.764,0.6733367377208834,0.6770891485084067,4932.YAL061W,4932.YAL060W,951
p05750,p46784,0.65,0.65,0.6067002156111413,0.6064801408989812,4932.YNL178W,4932.YMR230W,970
p36048,p43589,0.61,0.6239999999999999,0.47908487617900597,0.49280920877913176,4932.YKL173W,4932.YFR005C,801
p32351,q03361,0.67,0.678,0.5534035721286296,0.5611369900646973,4932.YIL154C,4932.YDR475C,307
p33892,q12517,0.65,0.654,0.44874558306267953,0.4524252847753194,4932.YGL195W,4932.YOL149W,
p31383,p32838,0.69,0.684,0.5881092204114797,0.5818519692080786,4932.YAL016W,4932.YNR032W,743
p38875,q04080,0.64,0.634,0.5284772568880888,0.5222138941208483,4932.YHR188C,4932.YDR434W,999
p53312,p53598,0.75,0.7539999999999999,0.6667867608415936,0.6705413606985103,4932.YGR244C,4932.YOR142W,999
p07253,p21560,0.69,0.706,0.6300601166361107,0.6458294836377892,4932.YBR120C,4932.YPL215W,927
p32565,p33298,0.64,0.6420000000000001,0.514022131489302,0.515749596820459,4932.YIL075C,4932.YDR394W,999
p50874,p54791,0.7,0.6980000000000001,0.5977564911186417,0.5954990161054653,4932.YNL261W,4932.YPR162C,999
p18898,p29703,0.76,0.7619999999999999,0.6821088120068481,0.683866788751081,4932.YGL155W,4932.YKL019W,997
p47821,q03957,0.62,0.6119999999999999,0.5292863879131886,0.5210362287188632,4932.YNL025C,4932.YKL139W,
p06169,q07471,0.83,0.828,0.7166365954579439,0.7143720647751679,4932.YLR044C,4932.YDL080C,900
p02557,p48606,0.72,0.726,0.6536439003832738,0.6594091962404613,4932.YFL037W,4932.YOR265W,755
p40540,q12431,0.69,0.696,0.6592024399392556,0.6649902979961438,4932.YIL027C,4932.YLL014W,996
p06103,p38249,0.61,0.6060000000000001,0.4638751014383125,0.4595897833053266,4932.YOR361C,4932.YBR079C,999
p0ch63,p22082,0.61,0.612,0.45335320669228407,0.455061212326431,4932.YFL061W,4932.YOR290C,
q05123,q12406,0.74,0.7380000000000001,0.6423397635342504,0.6400851966469085,4932.YMR033W,4932.YPR034W,999
p35718,p47076,0.68,0.674,0.6333938137415586,0.6271716410889261,4932.YKL144C,4932.YJL011C,999
p22202,p32590,0.69,0.688,0.566332318725914,0.5640612498907758,4932.YER103W,4932.YBR169C,154
p34110,p40335,0.62,0.62,0.4970686649892616,0.49679806337217136,4932.YJL154C,4932.YJL053W,999
q08913,q08991,0.68,0.68,0.5972758824496553,0.5970307926584464,4932.YOR390W,4932.YPL279C,
p51998,q02204,0.64,0.6319999999999999,0.5748766656786604,0.5666427437360486,4932.YML025C,4932.YKR006C,938
p08518,p27999,0.86,0.852,0.7356602364922169,0.7273887412151111,4932.YOR151C,4932.YGL070C,999
p46948,q12277,0.75,0.758,0.6886650804743303,0.6964335623135453,4932.YGR195W,4932.YDL111C,999
p09624,q02733,0.7,0.7139999999999999,0.5984628299911618,0.6122058031560853,4932.YFL018C,4932.YPL017C,540
p41814,p46959,0.63,0.6359999999999999,0.5385218004105365,0.5442711560788536,4932.YNL062C,4932.YJL125C,999
q05636,q08162,0.73,0.724,0.6081175626608524,0.6018476265783714,4932.YDR280W,4932.YOL021C,999
p28778,p40033,0.61,0.624,0.5764219373017209,0.5902080311057304,4932.YKL003C,4932.YER050C,998
p32486,q03691,0.67,0.67,0.5700293396351773,0.5697733067639661,4932.YPR159W,4932.YMR200W,292
p80428,q06179,0.73,0.726,0.5200186552405127,0.5156928196422631,4932.YJL081C,4932.YLR454W,
q00711,q3e785,0.65,0.6399999999999999,0.5698347758750387,0.5595913097237541,4932.YKL148C,4932.YDR379C-A,644
p39007,p48439,0.76,0.76,0.653590098823764,0.6533299801987811,4932.YGL022W,4932.YOR085W,999
p14747,p25296,0.79,0.784,0.7049295420972652,0.6986829635328881,4932.YML057W,4932.YKL190W,993
p00401,p04037,0.69,0.694,0.612364200834592,0.6161223396252364,4932.Q0045,4932.YGL187C,999
p26725,p38130,0.68,0.6799999999999999,0.5907515837810233,0.5905023542660993,4932.YJL139C,4932.YBR205W,
p04050,p20434,0.91,0.9099999999999999,0.7523369187336102,0.7520442795242915,4932.YDL140C,4932.YBR154C,999
p06787,p50077,0.84,0.8320000000000001,0.6706217351249129,0.6623216625306632,4932.YBR109C,4932.YGR217W,628
p22138,q01080,0.65,0.648,0.5098380810858121,0.5075565465147861,4932.YPR010C,4932.YNL248C,999
p38244,q00381,0.6,0.6,0.48987258201871864,0.489610104597295,4932.YBR074W,4932.YJR058C,
p47170,p53290,0.67,0.67,0.5135061037070698,0.5132142063556899,4932.YJR138W,4932.YGR163W,510
q00381,q12028,0.84,0.844,0.7398146924366036,0.7435585233698956,4932.YJR058C,4932.YPR029C,940
p53314,q00416,0.68,0.6700000000000002,0.49744853352788576,0.4871401024237299,4932.YGR247W,4932.YLR430W,
p19146,p39993,0.66,0.672,0.5186187354189177,0.5303364271625609,4932.YDL137W,4932.YEL022W,512
p33336,p38631,0.73,0.73,0.539619506998555,0.5393061083096157,4932.YGR143W,4932.YLR342W,
p20604,p43612,0.8,0.8020000000000002,0.6776848417310004,0.6794146310833615,4932.YDL047W,4932.YFR040W,994
p0c2h6,p87262,0.66,0.678,0.6280773026386035,0.6458644467861809,4932.YHR010W,4932.YER056C-A,936
p04050,p38902,0.9,0.8959999999999999,0.7472120443762341,0.742922498476137,4932.YDL140C,4932.YOL005C,999
q02908,q06706,0.76,0.75,0.6044772308288333,0.5941859496659788,4932.YPL086C,4932.YLR384C,999
p25655,p53829,0.67,0.6799999999999999,0.4869539681468389,0.4966452232366877,4932.YCR093W,4932.YNL288W,999
p53729,q01662,0.61,0.612,0.521998461083301,0.5237500227227678,4932.YNR029C,4932.YLR244C,558
p25377,q04894,0.7,0.7,0.6196680411424282,0.6194244691965194,4932.YCR105W,4932.YMR318C,972
p22140,q96vh5,0.66,0.656,0.6009673231284849,0.5967372657604989,4932.YHR123W,4932.YCL057C-A,
p38344,p56628,0.59,0.604,0.5282700192920207,0.5420382504615119,4932.YBR267W,4932.YFL034C-A,545
p20434,p89105,0.66,0.664,0.5389864976032227,0.542717112867449,4932.YBR154C,4932.YOL145C,792
p34221,q12447,0.74,0.742,0.6649493191497291,0.6667090982202164,4932.YBL056W,4932.YDR071C,734
p02557,p53540,0.73,0.72,0.6083033694206837,0.5980335512341928,4932.YFL037W,4932.YNL126W,
p08518,p22139,0.91,0.9019999999999999,0.788862076802799,0.7805926131209553,4932.YOR151C,4932.YOR210W,999
p35842,p38111,0.62,0.6020000000000001,0.4215855513359626,0.40326705503293947,4932.YAR071W,4932.YBR136W,
p41056,q02326,0.67,0.6719999999999999,0.6345366799278476,0.6363215775198109,4932.YOR234C,4932.YML073C,392
p22023,p24814,0.61,0.6079999999999999,0.42538760211674465,0.4230778633338524,4932.YOR336W,4932.YJR090C,
p32502,p53127,0.7,0.696,0.5508317579390741,0.5465445087784182,4932.YLR291C,4932.YGL131C,
p38792,p46948,0.73,0.726,0.659755461106097,0.6555182897150625,4932.YHR069C,4932.YGR195W,999
q05541,q07913,0.68,0.6740000000000002,0.6067055546926361,0.6004664481097063,4932.YDR288W,4932.YLR007W,999
p40208,p53076,0.62,0.6180000000000001,0.49162463571835596,0.48935057981779073,4932.YMR135C,4932.YGL227W,999
p07266,q03702,0.64,0.6420000000000001,0.5600853133894744,0.5618420062064013,4932.YIR021W,4932.YKL011C,
p22133,p32419,0.8,0.8,0.7197513795617209,0.719507860494757,4932.YOL126C,4932.YDL078C,939
p19263,q06213,0.73,0.732,0.612319463183044,0.6140521932426456,4932.YLR071C,4932.YPR168W,999
p53886,q08683,0.67,0.67,0.48912020561979913,0.48881283520598773,4932.YNL172W,4932.YOR249C,998
q02872,q06063,0.65,0.656,0.5863173339430316,0.5920843261168457,4932.YPL108W,4932.YLR405W,478
p20604,q12199,0.63,0.622,0.5542542989545705,0.546013637028756,4932.YDL047W,4932.YPR040W,
p25606,p25607,0.61,0.608,0.549959824764158,0.5477291281297796,4932.YCR100C,4932.YCR101C,
p39726,p49095,0.6,0.606,0.48455970385313774,0.49029385536474523,4932.YAL044C,4932.YMR189W,985
p38149,p43616,0.62,0.62,0.4948694883240605,0.49459749131042935,4932.YBR281C,4932.YFR044C,552
p53290,q00582,0.69,0.688,0.6156485709397712,0.6134087936915438,4932.YGR163W,4932.YML121W,999
p47135,p48606,0.7,0.6900000000000001,0.5850116426701487,0.5747460809408294,4932.YJR091C,4932.YOR265W,485
p31688,q00764,0.77,0.764,0.6429389954381545,0.6366657735101552,4932.YDR074W,4932.YBR126C,933
p52286,q12018,0.65,0.65,0.5476860503173988,0.547428530608927,4932.YDR328C,4932.YDL132W,999
q03201,q03976,0.74,0.744,0.6775823361809854,0.681350131009618,4932.YDR041W,4932.YDR175C,998
p32600,p41318,0.94,0.9399999999999998,0.744034908871196,0.743717966706631,4932.YKL203C,4932.YNL006W,999
p05748,p40212,0.61,0.606,0.5599862122582353,0.5557618774531038,4932.YLR029C,4932.YMR142C,549
p24814,p52286,0.71,0.708,0.5857212211205906,0.5834497645387569,4932.YJR090C,4932.YDR328C,982
p04050,p28000,0.61,0.616,0.4560721520168859,0.46178188284526617,4932.YDL140C,4932.YNL113W,191
p43124,q05541,0.68,0.682,0.6010084715696896,0.6027657501384354,4932.YDL105W,4932.YDR288W,999
q04199,q12495,0.63,0.628,0.5231799710636649,0.5209195922090847,4932.YML102W,4932.YPR018W,998
p20053,q03338,0.63,0.63,0.5330697771633714,0.5328156734759666,4932.YPR178W,4932.YDR473C,998
p10591,p32589,0.66,0.66,0.5363323187259141,0.5360612498907759,4932.YAL005C,4932.YPL106C,959
p32613,q03660,0.83,0.8320000000000001,0.711369056879263,0.7131011838978768,4932.YEL048C,4932.YMR218C,998
p38792,p53256,0.67,0.664,0.6018674911147283,0.5956316598249305,4932.YHR069C,4932.YGR095C,999
p38089,q12447,0.77,0.7700000000000001,0.7016821985028208,0.7014462496432645,4932.YBR125C,4932.YDR071C,734
p33892,p47183,0.61,0.606,0.40426179802264844,0.3999386547350506,4932.YGL195W,4932.YJR156C,
p38555,p39526,0.64,0.646,0.46819570523348997,0.4738940933023728,4932.YER031C,4932.YJL207C,
p07143,p08525,0.65,0.656,0.5999862122582353,0.6057618774531038,4932.YOR065W,4932.YJL166W,999
p32939,p34110,0.68,0.674,0.5679490769184741,0.5616853790164924,4932.YML001W,4932.YJL154C,707
p47104,q08685,0.64,0.6399999999999999,0.48988083362197715,0.4895929810916492,4932.YJR033C,4932.YOR250C,
p39104,q06389,0.8,0.8019999999999999,0.6812427664636613,0.6829748133499182,4932.YNL267W,4932.YDR373W,976
p10363,p20457,0.67,0.67,0.5728503644826275,0.5725961215759864,4932.YIR008C,4932.YKL045W,999
p32349,p32910,0.67,0.6679999999999999,0.5703878193700022,0.5681320139572711,4932.YPR190C,4932.YNR003C,999
p40970,p53224,0.73,0.724,0.6446093599921897,0.6383625782695084,4932.YDR062W,4932.YGR038W,984
p07252,p14905,0.62,0.6239999999999999,0.5153114945849467,0.5190524682004048,4932.YJL209W,4932.YDR197W,
p23255,q03750,0.63,0.63,0.4739144125306528,0.4736227742547393,4932.YCR042C,4932.YML114C,996
p04051,p05744,0.74,0.746,0.6026970313578865,0.6084173108154394,4932.YOR116C,4932.YPL143W,
q06636,q07830,0.74,0.748,0.6225102335679263,0.6302430846729807,4932.YDR302W,4932.YLL031C,936
p40994,p48563,0.79,0.786,0.6389870897468092,0.6346986701282926,4932.YOR094W,4932.YNL297C,
p21801,p37298,0.64,0.64,0.5852101932214553,0.5849828279910974,4932.YLL041C,4932.YDR178W,994
p33336,q03691,0.68,0.68,0.5764240336677215,0.5761657131988128,4932.YGR143W,4932.YMR200W,
p07280,p0cx55,0.68,0.674,0.6436115429197051,0.6373958535042664,4932.YOL121C,4932.YDR450W,995
p53738,q03920,0.72,0.73,0.6753858255461431,0.6851649168421629,4932.YNR046W,4932.YDR140W,999
p0cx40,p48234,0.66,0.652,0.5650605686297261,0.5568077281166582,4932.YBL072C,4932.YGR145W,977
q12418,q12447,0.63,0.612,0.5520238054619355,0.5337817282687833,4932.YLR094C,4932.YDR071C,
p52892,p52893,0.75,0.75,0.6414833121058294,0.6412218567065231,4932.YDR111C,4932.YLR089C,900
p46984,q3e833,0.67,0.668,0.6448123166830374,0.642603734255051,4932.YJL184W,4932.YKR095W-A,997
p19263,p25046,0.67,0.656,0.5483653525312661,0.5340955736735927,4932.YLR071C,4932.YBL093C,998
p19073,p53046,0.73,0.7379999999999999,0.6056602364922169,0.613388741215111,4932.YLR229C,4932.YGR070W,173
p46965,q12133,0.64,0.634,0.6052045163630299,0.5989898377029651,4932.YJR010C-A,4932.YLR066W,985
p25611,q06149,0.62,0.626,0.484628918818977,0.4903504240757679,4932.YCR106W,4932.YLR266C,
p50102,q6wnk7,0.75,0.756,0.6832674578625398,0.6890325148637049,4932.YMR223W,4932.YBR111W-A,999
p08518,p38902,0.72,0.724,0.5957822284240468,0.5995108105518727,4932.YOR151C,4932.YOL005C,999
q03862,q06709,0.64,0.64,0.5365637086394317,0.5363054767954958,4932.YDR101C,4932.YLR387C,584
p38111,q07938,0.74,0.742,0.547111356801369,0.5487963666695209,4932.YBR136W,4932.YLR017W,
p15436,p15873,0.75,0.74,0.6251123910623082,0.6148405481725571,4932.YDL102W,4932.YBR088C,993
p21771,p28778,0.69,0.6839999999999999,0.6384394835068029,0.6322141672889527,4932.YDR337W,4932.YKL003C,998
p32864,p38555,0.63,0.626,0.5412177458378088,0.5369688121067262,4932.YOR370C,4932.YER031C,609
p37291,p37292,0.75,0.754,0.6512519550019435,0.654996697890716,4932.YLR058C,4932.YBR263W,900
p46673,p53011,0.77,0.774,0.6618887353133629,0.6656275371585747,4932.YJR042W,4932.YGL100W,999
p17157,p24870,0.66,0.66,0.5787551053958673,0.5785109541843618,4932.YPL031C,4932.YDL155W,247
p08539,p18851,0.61,0.61,0.5159548691495996,0.5157025960779164,4932.YHR005C,4932.YOR212W,999
p05749,p38344,0.66,0.6620000000000001,0.5983686403340437,0.6001369340794358,4932.YLR061W,4932.YBR267W,929
p0c0w1,p25443,0.62,0.612,0.5721289800306195,0.5639060048301003,4932.YJL190C,4932.YGL123W,998
p39935,q12099,0.58,0.6180000000000001,0.4553556525939611,0.49308396405574784,4932.YGR162W,4932.YDR021W,383
p10507,p11914,0.76,0.7620000000000001,0.6623397635342504,0.6640851966469086,4932.YLR163C,4932.YHR024C,999
p24004,p33760,0.74,0.742,0.5760999627269449,0.5778033661153059,4932.YKL197C,4932.YNL329C,988
p17157,p30283,0.69,0.694,0.6080954533578762,0.6118508835914696,4932.YPL031C,4932.YPR120C,247
p24279,p29496,0.61,0.618,0.4628551486791568,0.47056918337735776,4932.YEL032W,4932.YLR274W,999
p40547,q99296,0.64,0.632,0.4980121295978237,0.48972943644484723,4932.YIL017C,4932.YLR149C,
o60200,p35200,0.62,0.618,0.5802694828007955,0.578051672819418,4932.YKL053C-A,4932.YLR168C,936
p10591,q06677,0.69,0.6880000000000001,0.567870151964587,0.5656000588978879,4932.YAL005C,4932.YDR320C,419
p38238,q03496,0.63,0.64,0.48371368460282516,0.4934282640494664,4932.YBR061C,4932.YMR259C,981
p38792,p47047,0.7,0.692,0.5704977182526615,0.5622229473132553,4932.YHR069C,4932.YJL050W,973
p39014,p52286,0.62,0.608,0.5305965701824216,0.5183472423100339,4932.YIL046W,4932.YDR328C,988
p20604,p53036,0.78,0.782,0.6694725961338905,0.6712098649179769,4932.YDL047W,4932.YGL229C,914
p23293,p46962,0.61,0.602,0.5097432164729685,0.5014870020541459,4932.YPR161C,4932.YJL006C,844
p50102,q03067,0.65,0.65,0.5829859966052282,0.5827508750168005,4932.YMR223W,4932.YPL047W,999
p14832,p25357,0.65,0.662,0.5231190293290848,0.5348459216341404,4932.YDR155C,4932.YCR033W,972
p47052,q3e785,0.7,0.702,0.6203363763251054,0.622093228443628,4932.YJL045W,4932.YDR379C-A,394
p13712,q12495,0.75,0.748,0.6463542471829727,0.6440958824339381,4932.YBR195C,4932.YPR018W,998
p10964,p32529,0.77,0.768,0.6205671329667548,0.6182797158992741,4932.YOR341W,4932.YJR063W,998
p38875,p49018,0.68,0.682,0.5768434679874584,0.5785854136532391,4932.YHR188C,4932.YDR331W,995
p40565,p46947,0.68,0.684,0.6287687129544675,0.6325436056355384,4932.YIR005W,4932.YGL174W,999
p47128,q12311,0.6,0.602,0.5085218004105365,0.5102711560788536,4932.YJR082C,4932.YPR031W,997
p53173,p53953,0.64,0.648,0.5373343687408603,0.5450766258873984,4932.YGL054C,4932.YNL049C,
p15367,q12133,0.73,0.7340000000000001,0.6859807204323701,0.6897601891943204,4932.YIR022W,4932.YLR066W,977
p33442,p53254,0.63,0.626,0.49698726938888294,0.49271027103942866,4932.YLR441C,4932.YGR090W,977
p06781,p51862,0.81,0.808,0.6737740018847033,0.6714949646893339,4932.YNL090W,4932.YLR371W,248
p0cx41,q07915,0.63,0.638,0.5877912932591405,0.5955719108451482,4932.YBL087C,4932.YLR009W,948
p40527,q03921,0.66,0.6340000000000001,0.46099809099442013,0.4346792219427491,4932.YIL048W,4932.YDR141C,323
p33334,p49704,0.71,0.708,0.5085795673577169,0.5062591637319616,4932.YHR165C,4932.YGR091W,999
p06839,p32776,0.66,0.6580000000000001,0.531208579222269,0.5289342593302726,4932.YER171W,4932.YDR311W,999
q04500,q08285,0.62,0.612,0.5088083076044856,0.5005451548917768,4932.YML093W,4932.YOL142W,872
p35169,q12036,0.62,0.616,0.42979349103784814,0.42548020274328074,4932.YJR066W,4932.YPL148C,
p12904,p34164,0.64,0.6260000000000001,0.5583424030301132,0.5440979899554012,4932.YGL115W,4932.YGL208W,999
p15303,p20606,0.71,0.714,0.6113242097151197,0.6150689984501301,4932.YPR181C,4932.YPL218W,999
p52490,p53152,0.63,0.622,0.5936115429197051,0.5853958535042664,4932.YDR092W,4932.YGL087C,999
p23248,p53254,0.68,0.674,0.546987269388883,0.5407102710394287,4932.YML063W,4932.YGR090W,959
p32340,p40215,0.69,0.692,0.583248245985658,0.5849879104521042,4932.YML120C,4932.YMR145C,418
p25607,q04183,0.67,0.678,0.538207757122665,0.5459315331831929,4932.YCR101C,4932.YDR407C,
p06243,p32325,0.68,0.676,0.5641090769132742,0.5598429424982059,4932.YDL017W,4932.YDR052C,999
p25565,q04033,0.63,0.632,0.5568826805701745,0.55864368637514,4932.YCL002C,4932.YDR415C,
p32381,p33204,0.63,0.638,0.5637382197779169,0.571503575481573,4932.YDL029W,4932.YKL013C,998
p04051,p08518,0.9,0.892,0.708016345696969,0.699701929788372,4932.YOR116C,4932.YOR151C,542
p35995,q12172,0.69,0.6820000000000002,0.5556603592237919,0.5473825189384062,4932.YKL222C,4932.YOR162C,
p32366,p32563,0.66,0.652,0.5457894803338408,0.5375244121492203,4932.YLR447C,4932.YOR270C,999
p32899,p47083,0.71,0.71,0.6251702184841825,0.6249237926310464,4932.YHR148W,4932.YJR002W,999
p07702,p38775,0.78,0.774,0.6221342881627357,0.6158415203825741,4932.YBR115C,4932.YHR045W,
p04821,p13856,0.6,0.608,0.44679675912049155,0.4545069497183219,4932.YLR310C,4932.YGR152C,200
p32481,p32501,0.62,0.616,0.502319463183044,0.4980521932426456,4932.YER025W,4932.YDR211W,986
p39103,q9zzx1,0.68,0.6780000000000002,0.6014304689479072,0.5991880152776251,4932.YML129C,4932.Q0070,
p23595,p53917,0.62,0.614,0.4966387258169855,0.49036785139978634,4932.YDL188C,4932.YNL127W,487
p34087,q03254,0.66,0.656,0.5653580078213283,0.56110535603599,4932.YDR404C,4932.YMR277W,586
p36090,q02804,0.68,0.6799999999999999,0.6002526300955641,0.6000094290763823,4932.YKL047W,4932.YPL051W,
q12460,q12499,0.63,0.622,0.5272641365505686,0.5190063491341768,4932.YLR197W,4932.YOR310C,999
p33334,q06819,0.75,0.756,0.563610751291038,0.5692998850809887,4932.YHR165C,4932.YPR082C,994
p16861,p16862,0.77,0.7760000000000001,0.6124383120339336,0.6181457371595378,4932.YGR240C,4932.YMR205C,998
p38742,p39923,0.65,0.6519999999999999,0.5020538367792263,0.503767363038123,4932.YHL023C,4932.YEL062W,999
p25559,p38877,0.74,0.74,0.6784673573576842,0.6782357137398782,4932.YCL016C,4932.YHR191C,999
p22579,p32561,0.81,0.806,0.6512754155710786,0.646982102828858,4932.YOL004W,4932.YNL330C,997
p04050,p16370,0.68,0.68,0.5171837451929588,0.5168878362506318,4932.YDL140C,4932.YIL021W,999
q03516,q06538,0.72,0.726,0.5734449672448015,0.579159376187964,4932.YMR266W,4932.YLR241W,
p29704,p53199,0.74,0.742,0.6538124646247458,0.6555651772650881,4932.YHR190W,4932.YGL001C,771
p05737,p10664,0.72,0.728,0.6496645524602849,0.6574273233869316,4932.YGL076C,4932.YBR031W,958
p27637,p32598,0.68,0.6839999999999999,0.5768434679874584,0.580585413653239,4932.YAR014C,4932.YER133W,683
p54784,p54791,0.71,0.712,0.5798487076699808,0.5815735249277684,4932.YML065W,4932.YPR162C,999
p39007,p46964,0.78,0.776,0.6895166391425135,0.685266626044577,4932.YGL022W,4932.YOR103C,999
p00546,p20438,0.72,0.716,0.6299012981424993,0.6256515291140122,4932.YBR160W,4932.YPL256C,998
p36517,p36526,0.67,0.672,0.6133244894957759,0.6150959277701579,4932.YLR439W,4932.YBR282W,979
p38273,p41318,0.63,0.63,0.5278269668694329,0.5275695365737274,4932.YBR131W,4932.YNL006W,
p22138,p40318,0.64,0.6420000000000001,0.4551201786780959,0.45681027021272813,4932.YPR010C,4932.YIL030C,
p22202,q06677,0.63,0.6260000000000001,0.5078701519645871,0.503600058897888,4932.YER103W,4932.YDR320C,330
p00128,p07257,0.63,0.6380000000000001,0.5702610035297899,0.5780304979959333,4932.YDR529C,4932.YPR191W,999
p38312,p40482,0.65,0.618,0.543590098823764,0.5113299801987811,4932.YBR210W,4932.YIL109C,
p26725,p27810,0.66,0.66,0.5716075091238657,0.5713588227009462,4932.YJL139C,4932.YOR099W,
q03067,q6wnk7,0.62,0.622,0.597324888873791,0.5991179006945065,4932.YPL047W,4932.YBR111W-A,999
p00410,p07255,0.73,0.728,0.6910281412415604,0.6888108126354997,4932.Q0250,4932.YDL067C,998
p42940,q12480,0.75,0.746,0.679755461106097,0.6755182897150626,4932.YGR207C,4932.YPR004C,996
p07280,p0cx51,0.61,0.606,0.5740066474767255,0.5697912087585323,4932.YOL121C,4932.YDL083C,995
q06287,q99207,0.63,0.622,0.5240013802552854,0.5157415225919142,4932.YLR186W,4932.YDL148C,995
p40970,q3e790,0.77,0.77,0.6965287057911768,0.6962894869960952,4932.YDR062W,4932.YBR058C-A,995
p00546,p40186,0.62,0.634,0.551774805080491,0.565538914980606,4932.YBR160W,4932.YIL050W,472
p38291,p53218,0.68,0.672,0.6425678118862204,0.6343514602144487,4932.YBR167C,4932.YGR030C,998
p0cx50,p49626,0.75,0.7460000000000001,0.685067609772139,0.6808338089851997,4932.YNL301C,4932.YDR012W,878
q06408,q07471,0.83,0.834,0.7120020250562205,0.7157345536985958,4932.YDR380W,4932.YDL080C,
p53256,q08285,0.72,0.72,0.6635321880544521,0.663303758115359,4932.YGR095C,4932.YOL142W,999
p14906,p32915,0.72,0.7219999999999999,0.6085434090666406,0.6102800882735273,4932.YOR254C,4932.YLR378C,997
p01123,p32864,0.67,0.682,0.582547811663807,0.5942997218709501,4932.YFL038C,4932.YOR370C,903
p15436,p53336,0.64,0.62,0.5101434047018634,0.4898684089474566,4932.YDL102W,4932.YGR283C,
p32796,q07963,0.64,0.6380000000000001,0.4542310569633973,0.45192058434264126,4932.YML042W,4932.YLR024C,
p04050,p07273,0.68,0.6740000000000002,0.5176287852705518,0.5113331587099884,4932.YDL140C,4932.YGL043W,996
q12172,q12340,0.65,0.656,0.51106574505901,0.5167849894513519,4932.YOR162C,4932.YOR172W,
p52286,q06479,0.64,0.636,0.5382505582398556,0.533993396716524,4932.YDR328C,4932.YLR352W,735
p06104,q06554,0.67,0.65,0.5238212802599799,0.5035359279769924,4932.YGL058W,4932.YLR247C,
